{
  "all_task_loss": 0.34322948816666665,
  "all_task_loss_available_count": 12,
  "all_task_loss_complete": true,
  "controller_diagnostics": {
    "note": "engineering diagnostic only; excluded from simulated time and core_digest",
    "sample_count": 22,
    "wall_clock_max_s": 0.6813995,
    "wall_clock_mean_s": 0.409071359090909,
    "wall_clock_p50_s": 0.3687374,
    "wall_clock_p95_s": 0.6172837849999999,
    "wall_clock_total_s": 8.9995699
  },
  "cost_latency_s": {
    "count": 12,
    "max": 0.965121266,
    "mean": 0.4533887368048512,
    "min": 0.12787585699999937,
    "p50": 0.43650118020286377,
    "p95": 0.8393304106531567,
    "p99": 0.9399630949306316
  },
  "coverage": 0.9166666666666666,
  "done_count": 11,
  "energy_j": {
    "physical_system": {
      "rsu": 1279.2773861900541,
      "rsu_by_id": {
        "rsu-1": 714.4478637941442,
        "rsu-2": 564.8295223959099
      },
      "total": 1449.8996978415464,
      "vehicle": 170.62231165149228,
      "vehicle_by_id": {
        "veh-1": 92.6907119468364,
        "veh-2": 77.93159970465587
      }
    },
    "task_attributed": {
      "rsu": 7.603244470053919,
      "total": 38.39267108354614,
      "vehicle": 30.789426613492225
    }
  },
  "fail_count": 1,
  "failure_rate": 0.08333333333333333,
  "failure_reasons": {
    "PREP_FAILED": 1
  },
  "invariant_check_count": 216,
  "invariant_failure_count": 0,
  "latency_p50_s": 0.3523507280088064,
  "latency_p95_s": 0.7181503639759597,
  "latency_p99_s": 0.7327585687270566,
  "metric_semantics": {
    "all_task_loss": "DONE FER loss; FAIL uses frozen config.cost.failure_loss",
    "cost_latency_s": "DONE latency, otherwise the configured relative deadline",
    "energy": "task attribution is distinct from independent physical system energy",
    "terminal_latency_s": "terminal_time-arrival_time for every terminal task"
  },
  "nonterminal_count": 0,
  "resources": {
    "max_residual_work_s": 0.22,
    "max_utilization": 0.19049864666090274,
    "max_waiting_jobs": 0,
    "mean_utilization": 0.0365312182459111,
    "pool_count": 10,
    "pools": {
      "rsu/rsu-1/rsu-1:gpu": {
        "busy_server_seconds": 0.26536405314285805,
        "cancelled_job_count": 0,
        "completed_job_count": 3,
        "job_count": 3,
        "max_residual_work_s": 0.22,
        "max_running_observed": 1,
        "max_waiting_jobs": 0,
        "owner_id": "rsu-1",
        "owner_type": "rsu",
        "resource_id": "rsu-1:gpu",
        "resource_kind": "rsu_gpu",
        "server_count": 2,
        "service_s": {
          "count": 3,
          "max": 0.22000000000000064,
          "mean": 0.08845468438095268,
          "min": 0.018679316000000057,
          "p50": 0.02668473714285735,
          "p95": 0.2006684737142863,
          "p99": 0.21613369474285776
        },
        "utilization": 0.01375849024900615,
        "wait_s": {
          "count": 3,
          "max": 0.0,
          "mean": 0.0,
          "min": 0.0,
          "p50": 0.0,
          "p95": 0.0,
          "p99": 0.0
        }
      },
      "rsu/rsu-1/rsu-1:ingress": {
        "busy_server_seconds": 0.007285714285714562,
        "cancelled_job_count": 0,
        "completed_job_count": 2,
        "job_count": 2,
        "max_residual_work_s": 0.003,
        "max_running_observed": 1,
        "max_waiting_jobs": 0,
        "owner_id": "rsu-1",
        "owner_type": "rsu",
        "resource_id": "rsu-1:ingress",
        "resource_kind": "rsu_ingress_cpu",
        "server_count": 1,
        "service_s": {
          "count": 2,
          "max": 0.004285714285714448,
          "mean": 0.003642857142857281,
          "min": 0.0030000000000001137,
          "p50": 0.003642857142857281,
          "p95": 0.004221428571428732,
          "p99": 0.004272857142857305
        },
        "utilization": 0.0007554936531142328,
        "wait_s": {
          "count": 2,
          "max": 0.0,
          "mean": 0.0,
          "min": 0.0,
          "p50": 0.0,
          "p95": 0.0,
          "p99": 0.0
        }
      },
      "rsu/rsu-2/rsu-2:gpu": {
        "busy_server_seconds": 0.10577866999999985,
        "cancelled_job_count": 0,
        "completed_job_count": 5,
        "job_count": 5,
        "max_residual_work_s": 0.022068463,
        "max_running_observed": 1,
        "max_waiting_jobs": 0,
        "owner_id": "rsu-2",
        "owner_type": "rsu",
        "resource_id": "rsu-2:gpu",
        "resource_kind": "rsu_gpu",
        "server_count": 1,
        "service_s": {
          "count": 5,
          "max": 0.022068463000000094,
          "mean": 0.02115573399999997,
          "min": 0.02054724799999974,
          "p50": 0.020547248000000184,
          "p95": 0.022068463000000094,
          "p99": 0.022068463000000094
        },
        "utilization": 0.010968741112530045,
        "wait_s": {
          "count": 5,
          "max": 0.0,
          "mean": 0.0,
          "min": 0.0,
          "p50": 0.0,
          "p95": 0.0,
          "p99": 0.0
        }
      },
      "rsu/rsu-2/rsu-2:ingress": {
        "busy_server_seconds": 0.015000000000000346,
        "cancelled_job_count": 0,
        "completed_job_count": 5,
        "job_count": 5,
        "max_residual_work_s": 0.003,
        "max_running_observed": 1,
        "max_waiting_jobs": 0,
        "owner_id": "rsu-2",
        "owner_type": "rsu",
        "resource_id": "rsu-2:ingress",
        "resource_kind": "rsu_ingress_cpu",
        "server_count": 1,
        "service_s": {
          "count": 5,
          "max": 0.0030000000000001137,
          "mean": 0.0030000000000000695,
          "min": 0.0029999999999998916,
          "p50": 0.0030000000000001137,
          "p95": 0.0030000000000001137,
          "p99": 0.0030000000000001137
        },
        "utilization": 0.0015554281093528091,
        "wait_s": {
          "count": 5,
          "max": 0.0,
          "mean": 0.0,
          "min": 0.0,
          "p50": 0.0,
          "p95": 0.0,
          "p99": 0.0
        }
      },
      "vehicle/veh-1/veh-1:accelerator": {
        "busy_server_seconds": 1.1746377789999976,
        "cancelled_job_count": 0,
        "completed_job_count": 18,
        "job_count": 18,
        "max_residual_work_s": 0.145249809,
        "max_running_observed": 1,
        "max_waiting_jobs": 0,
        "owner_id": "veh-1",
        "owner_type": "vehicle",
        "resource_id": "veh-1:accelerator",
        "resource_kind": "accelerator",
        "server_count": 1,
        "service_s": {
          "count": 18,
          "max": 0.1958700999999996,
          "mean": 0.06525765438888875,
          "min": 0.018199075000000065,
          "p50": 0.03399999999999992,
          "p95": 0.15284285264999992,
          "p99": 0.1872646505299996
        },
        "utilization": 0.12180430798428712,
        "wait_s": {
          "count": 18,
          "max": 0.0,
          "mean": 0.0,
          "min": 0.0,
          "p50": 0.0,
          "p95": 0.0,
          "p99": 0.0
        }
      },
      "vehicle/veh-1/veh-1:cpu": {
        "busy_server_seconds": 0.07392857142857345,
        "cancelled_job_count": 0,
        "completed_job_count": 9,
        "job_count": 9,
        "max_residual_work_s": 0.0075,
        "max_running_observed": 1,
        "max_waiting_jobs": 0,
        "owner_id": "veh-1",
        "owner_type": "vehicle",
        "resource_id": "veh-1:cpu",
        "resource_kind": "cpu",
        "server_count": 1,
        "service_s": {
          "count": 9,
          "max": 0.01071428571428612,
          "mean": 0.00821428571428594,
          "min": 0.00749999999999984,
          "p50": 0.007500000000000284,
          "p95": 0.01071428571428612,
          "p99": 0.01071428571428612
        },
        "utilization": 0.007666038538953163,
        "wait_s": {
          "count": 9,
          "max": 0.0,
          "mean": 0.0,
          "min": 0.0,
          "p50": 0.0,
          "p95": 0.0,
          "p99": 0.0
        }
      },