{
  "all_task_loss": 0.3447727490833334,
  "all_task_loss_available_count": 12,
  "all_task_loss_complete": true,
  "controller_diagnostics": {
    "note": "engineering diagnostic only; excluded from simulated time and core_digest",
    "sample_count": 22,
    "wall_clock_max_s": 0.007266,
    "wall_clock_mean_s": 0.005021868181818182,
    "wall_clock_p50_s": 0.0052666499999999995,
    "wall_clock_p95_s": 0.00672248,
    "wall_clock_total_s": 0.1104811
  },
  "cost_latency_s": {
    "count": 12,
    "max": 1.252885554,
    "mean": 0.24558629408333313,
    "min": 0.10195270599999962,
    "p50": 0.1497777440714282,
    "p95": 0.7103351423000002,
    "p99": 1.1443754716600008
  },
  "coverage": 0.9166666666666666,
  "done_count": 11,
  "energy_j": {
    "physical_system": {
      "rsu": 1270.47407012,
      "rsu_by_id": {
        "rsu-1": 711.6779465279999,
        "rsu-2": 558.7961235920002
      },
      "total": 1424.2617677123542,
      "vehicle": 153.7876975923542,
      "vehicle_by_id": {
        "veh-1": 84.33936580477138,
        "veh-2": 69.44833178758282
      }
    },
    "task_attributed": {
      "rsu": 0.0,
      "total": 14.088666694354217,
      "vehicle": 14.088666694354217
    }
  },
  "fail_count": 1,
  "failure_rate": 0.08333333333333333,
  "failure_reasons": {
    "PREP_FAILED": 1
  },
  "invariant_check_count": 182,
  "invariant_failure_count": 0,
  "latency_p50_s": 0.1337993255714287,
  "latency_p95_s": 0.2397529680714292,
  "latency_p99_s": 0.2610948016142872,
  "metric_semantics": {
    "all_task_loss": "DONE FER loss; FAIL uses frozen config.cost.failure_loss",
    "cost_latency_s": "DONE latency, otherwise the configured relative deadline",
    "energy": "task attribution is distinct from independent physical system energy",
    "terminal_latency_s": "terminal_time-arrival_time for every terminal task"
  },
  "nonterminal_count": 0,
  "resources": {
    "max_residual_work_s": 0.22,
    "max_utilization": 0.09539275358181598,
    "max_waiting_jobs": 0,
    "mean_utilization": 0.0189686099231769,
    "pool_count": 10,
    "pools": {
      "rsu/rsu-1/rsu-1:gpu": {
        "busy_server_seconds": 0.22000000000000064,
        "cancelled_job_count": 0,
        "completed_job_count": 1,
        "job_count": 1,
        "max_residual_work_s": 0.22,
        "max_running_observed": 1,
        "max_waiting_jobs": 0,
        "owner_id": "rsu-1",
        "owner_type": "rsu",
        "resource_id": "rsu-1:gpu",
        "resource_kind": "rsu_gpu",
        "server_count": 2,
        "service_s": {
          "count": 1,
          "max": 0.22000000000000064,
          "mean": 0.22000000000000064,
          "min": 0.22000000000000064,
          "p50": 0.22000000000000064,
          "p95": 0.22000000000000064,
          "p99": 0.22000000000000064
        },
        "utilization": 0.011417402037416995,
        "wait_s": {
          "count": 1,
          "max": 0.0,
          "mean": 0.0,
          "min": 0.0,
          "p50": 0.0,
          "p95": 0.0,
          "p99": 0.0
        }
      },
      "rsu/rsu-1/rsu-1:ingress": {
        "busy_server_seconds": 0.0,
        "cancelled_job_count": 0,
        "completed_job_count": 0,
        "job_count": 0,
        "max_residual_work_s": 0.0,
        "max_running_observed": 0,
        "max_waiting_jobs": 0,
        "owner_id": "rsu-1",
        "owner_type": "rsu",
        "resource_id": "rsu-1:ingress",
        "resource_kind": "rsu_ingress_cpu",
        "server_count": 1,
        "service_s": {
          "count": 0,
          "max": null,
          "mean": null,
          "min": null,
          "p50": null,
          "p95": null,
          "p99": null
        },
        "utilization": 0.0,
        "wait_s": {
          "count": 0,
          "max": null,
          "mean": null,
          "min": null,
          "p50": null,
          "p95": null,
          "p99": null
        }
      },
      "rsu/rsu-2/rsu-2:gpu": {
        "busy_server_seconds": 0.0,
        "cancelled_job_count": 0,
        "completed_job_count": 0,
        "job_count": 0,
        "max_residual_work_s": 0.0,
        "max_running_observed": 0,
        "max_waiting_jobs": 0,
        "owner_id": "rsu-2",
        "owner_type": "rsu",
        "resource_id": "rsu-2:gpu",
        "resource_kind": "rsu_gpu",
        "server_count": 1,
        "service_s": {
          "count": 0,
          "max": null,
          "mean": null,
          "min": null,
          "p50": null,
          "p95": null,
          "p99": null
        },
        "utilization": 0.0,
        "wait_s": {
          "count": 0,
          "max": null,
          "mean": null,
          "min": null,
          "p50": null,
          "p95": null,
          "p99": null
        }
      },
      "rsu/rsu-2/rsu-2:ingress": {
        "busy_server_seconds": 0.0,
        "cancelled_job_count": 0,
        "completed_job_count": 0,
        "job_count": 0,
        "max_residual_work_s": 0.0,
        "max_running_observed": 0,
        "max_waiting_jobs": 0,
        "owner_id": "rsu-2",
        "owner_type": "rsu",
        "resource_id": "rsu-2:ingress",
        "resource_kind": "rsu_ingress_cpu",
        "server_count": 1,
        "service_s": {
          "count": 0,
          "max": null,
          "mean": null,
          "min": null,
          "p50": null,
          "p95": null,
          "p99": null
        },
        "utilization": 0.0,
        "wait_s": {
          "count": 0,
          "max": null,
          "mean": null,
          "min": null,
          "p50": null,
          "p95": null,
          "p99": null
        }
      },
      "vehicle/veh-1/veh-1:accelerator": {
        "busy_server_seconds": 0.5839749279999993,
        "cancelled_job_count": 0,
        "completed_job_count": 20,
        "job_count": 20,
        "max_residual_work_s": 0.0374,
        "max_running_observed": 1,
        "max_waiting_jobs": 0,
        "owner_id": "veh-1",
        "owner_type": "vehicle",
        "resource_id": "veh-1:accelerator",
        "resource_kind": "accelerator",
        "server_count": 1,
        "service_s": {
          "count": 20,
          "max": 0.04857142857142893,
          "mean": 0.029198746399999965,
          "min": 0.017953331999999378,
          "p50": 0.027017580499999916,
          "p95": 0.03996253399999961,
          "p99": 0.046849649657143055
        },
        "utilization": 0.06061342302497832,
        "wait_s": {
          "count": 20,
          "max": 0.0,
          "mean": 0.0,
          "min": 0.0,
          "p50": 0.0,
          "p95": 0.0,
          "p99": 0.0
        }
      },
      "vehicle/veh-1/veh-1:cpu": {
        "busy_server_seconds": 0.06321428571428733,
        "cancelled_job_count": 0,
        "completed_job_count": 8,
        "job_count": 8,
        "max_residual_work_s": 0.0075,
        "max_running_observed": 1,
        "max_waiting_jobs": 0,
        "owner_id": "veh-1",
        "owner_type": "vehicle",
        "resource_id": "veh-1:cpu",
        "resource_kind": "cpu",
        "server_count": 1,
        "service_s": {
          "count": 8,
          "max": 0.01071428571428612,
          "mean": 0.007901785714285917,
          "min": 0.00749999999999984,
          "p50": 0.007500000000000284,
          "p95": 0.009589285714286076,
          "p99": 0.01048928571428611
        },
        "utilization": 0.006561299222801473,
        "wait_s": {
          "count": 8,
          "max": 0.0,
          "mean": 0.0,
          "min": 0.0,
          "p50": 0.0,
          "p95": 0.0,
          "p99": 0.0
        }
      },
      "vehicle/veh-1/veh-1:encoder": {
        "busy_server_seconds": 0.04660803142857073,
        "cancelled_job_count": 0,
        "completed_job_count": 6,
        "job_count": 6,
        "max_residual_work_s": 0.00729194,
        "max_running_observed": 1,
        "max_waiting_jobs": 0,
        "owner_id": "veh-1",
        "owner_type": "vehicle",
        "resource_id": "veh-1:encoder",
        "resource_kind": "encoder",