{
  "all_task_loss": 0.40719492983333333,
  "all_task_loss_available_count": 12,
  "all_task_loss_complete": true,
  "controller_diagnostics": {
    "note": "engineering diagnostic only; excluded from simulated time and core_digest",
    "sample_count": 22,
    "wall_clock_max_s": 0.0166122,
    "wall_clock_mean_s": 0.009776986363636364,
    "wall_clock_p50_s": 0.0091848,
    "wall_clock_p95_s": 0.014168039999999998,
    "wall_clock_total_s": 0.2150937
  },
  "cost_latency_s": {
    "count": 12,
    "max": 1.085139967,
    "mean": 0.29287590919807927,
    "min": 0.13966966347531296,
    "p50": 0.22026780765432152,
    "p95": 0.6503264387953342,
    "p99": 0.9981772613590674
  },
  "coverage": 0.9166666666666666,
  "done_count": 11,
  "energy_j": {
    "physical_system": {
      "rsu": 1262.2691613821519,
      "rsu_by_id": {
        "rsu-1": 702.89423121159,
        "rsu-2": 559.3749301705619
      },
      "total": 1417.5534175340806,
      "vehicle": 155.28425615192867,
      "vehicle_by_id": {
        "veh-1": 85.25509424284347,
        "veh-2": 70.0291619090852
      }
    },
    "task_attributed": {
      "rsu": 10.837480142151932,
      "total": 26.538971848080543,
      "vehicle": 15.701491705928612
    }
  },
  "fail_count": 1,
  "failure_rate": 0.08333333333333333,
  "failure_reasons": {
    "PREP_FAILED": 1
  },
  "invariant_check_count": 242,
  "invariant_failure_count": 0,
  "latency_p50_s": 0.20420741916724383,
  "latency_p95_s": 0.2934570170068364,
  "latency_p99_s": 0.2943473359763998,
  "metric_semantics": {
    "all_task_loss": "DONE FER loss; FAIL uses frozen config.cost.failure_loss",
    "cost_latency_s": "DONE latency, otherwise the configured relative deadline",
    "energy": "task attribution is distinct from independent physical system energy",
    "terminal_latency_s": "terminal_time-arrival_time for every terminal task"
  },
  "nonterminal_count": 0,
  "resources": {
    "max_residual_work_s": 0.046741746,
    "max_utilization": 0.07446562251617492,
    "max_waiting_jobs": 0,
    "mean_utilization": 0.017271980710876652,
    "pool_count": 10,
    "pools": {
      "rsu/rsu-1/rsu-1:gpu": {
        "busy_server_seconds": 0.21495819242857195,
        "cancelled_job_count": 0,
        "completed_job_count": 10,
        "job_count": 10,
        "max_residual_work_s": 0.020062239,
        "max_running_observed": 1,
        "max_waiting_jobs": 0,
        "owner_id": "rsu-1",
        "owner_type": "rsu",
        "resource_id": "rsu-1:gpu",
        "resource_kind": "rsu_gpu",
        "server_count": 2,
        "service_s": {
          "count": 10,
          "max": 0.02668473714285735,
          "mean": 0.021495819242857196,
          "min": 0.018679316000000057,
          "p50": 0.020062238999999815,
          "p95": 0.02668473714285735,
          "p99": 0.02668473714285735
        },
        "utilization": 0.011165038185714245,
        "wait_s": {
          "count": 10,
          "max": 0.0,
          "mean": 0.0,
          "min": 0.0,
          "p50": 0.0,
          "p95": 0.0,
          "p99": 0.0
        }
      },
      "rsu/rsu-1/rsu-1:ingress": {
        "busy_server_seconds": 0.03385714285714381,
        "cancelled_job_count": 0,
        "completed_job_count": 10,
        "job_count": 10,
        "max_residual_work_s": 0.003,
        "max_running_observed": 1,
        "max_waiting_jobs": 0,
        "owner_id": "rsu-1",
        "owner_type": "rsu",
        "resource_id": "rsu-1:ingress",
        "resource_kind": "rsu_ingress_cpu",
        "server_count": 1,
        "service_s": {
          "count": 10,
          "max": 0.004285714285714448,
          "mean": 0.0033857142857143807,
          "min": 0.0029999999999998916,
          "p50": 0.0030000000000001137,
          "p95": 0.004285714285714448,
          "p99": 0.004285714285714448
        },
        "utilization": 0.003517114547609561,
        "wait_s": {
          "count": 10,
          "max": 0.0,
          "mean": 0.0,
          "min": 0.0,
          "p50": 0.0,
          "p95": 0.0,
          "p99": 0.0
        }
      },
      "rsu/rsu-2/rsu-2:gpu": {
        "busy_server_seconds": 0.022068463000000094,
        "cancelled_job_count": 0,
        "completed_job_count": 1,
        "job_count": 1,
        "max_residual_work_s": 0.022068463,
        "max_running_observed": 1,
        "max_waiting_jobs": 0,
        "owner_id": "rsu-2",
        "owner_type": "rsu",
        "resource_id": "rsu-2:gpu",
        "resource_kind": "rsu_gpu",
        "server_count": 1,
        "service_s": {
          "count": 1,
          "max": 0.022068463000000094,
          "mean": 0.022068463000000094,
          "min": 0.022068463000000094,
          "p50": 0.022068463000000094,
          "p95": 0.022068463000000094,
          "p99": 0.022068463000000094
        },
        "utilization": 0.0022924944549568373,
        "wait_s": {
          "count": 1,
          "max": 0.0,
          "mean": 0.0,
          "min": 0.0,
          "p50": 0.0,
          "p95": 0.0,
          "p99": 0.0
        }
      },
      "rsu/rsu-2/rsu-2:ingress": {
        "busy_server_seconds": 0.0030000000000001137,
        "cancelled_job_count": 0,
        "completed_job_count": 1,
        "job_count": 1,
        "max_residual_work_s": 0.003,
        "max_running_observed": 1,
        "max_waiting_jobs": 0,
        "owner_id": "rsu-2",
        "owner_type": "rsu",
        "resource_id": "rsu-2:ingress",
        "resource_kind": "rsu_ingress_cpu",
        "server_count": 1,
        "service_s": {
          "count": 1,
          "max": 0.0030000000000001137,
          "mean": 0.0030000000000001137,
          "min": 0.0030000000000001137,
          "p50": 0.0030000000000001137,
          "p95": 0.0030000000000001137,
          "p99": 0.0030000000000001137
        },
        "utilization": 0.00031164306118059706,
        "wait_s": {
          "count": 1,
          "max": 0.0,
          "mean": 0.0,
          "min": 0.0,
          "p50": 0.0,
          "p95": 0.0,
          "p99": 0.0
        }
      },
      "vehicle/veh-1/veh-1:accelerator": {
        "busy_server_seconds": 0.5184680881428575,
        "cancelled_job_count": 0,
        "completed_job_count": 17,
        "job_count": 17,
        "max_residual_work_s": 0.035966499,
        "max_running_observed": 1,
        "max_waiting_jobs": 0,
        "owner_id": "veh-1",
        "owner_type": "vehicle",
        "resource_id": "veh-1:accelerator",
        "resource_kind": "accelerator",
        "server_count": 1,
        "service_s": {
          "count": 17,
          "max": 0.05114433714285749,
          "mean": 0.030498122831932793,
          "min": 0.02310834899999925,
          "p50": 0.02589587900000012,
          "p95": 0.03968800571428569,
          "p99": 0.04885307085714313
        },
        "utilization": 0.05385899403776187,
        "wait_s": {
          "count": 17,
          "max": 0.0,
          "mean": 0.0,
          "min": 0.0,
          "p50": 0.0,
          "p95": 0.0,
          "p99": 0.0
        }
      },
      "vehicle/veh-1/veh-1:cpu": {
        "busy_server_seconds": 0.08892857142857369,
        "cancelled_job_count": 0,
        "completed_job_count": 11,
        "job_count": 11,
        "max_residual_work_s": 0.0075,
        "max_running_observed": 1,
        "max_waiting_jobs": 0,
        "owner_id": "veh-1",
        "owner_type": "vehicle",
        "resource_id": "veh-1:cpu",
        "resource_kind": "cpu",
        "server_count": 1,
        "service_s": {
          "count": 11,
          "max": 0.01071428571428612,
          "mean": 0.00808441558441579,
          "min": 0.00749999999999984,
          "p50": 0.007500000000000284,
          "p95": 0.01071428571428612,
          "p99": 0.01071428571428612
        },
        "utilization": 0.009237990742139013,
        "wait_s": {
          "count": 11,
          "max": 0.0,
          "mean": 0.0,
          "min": 0.0,
          "p50": 0.0,
          "p95": 0.0,