{
  "all_task_loss": 0.4066055975,
  "all_task_loss_available_count": 12,
  "all_task_loss_complete": true,
  "controller_diagnostics": {
    "note": "engineering diagnostic only; excluded from simulated time and core_digest",
    "sample_count": 22,
    "wall_clock_max_s": 1.6575992,
    "wall_clock_mean_s": 1.1299846272727274,
    "wall_clock_p50_s": 1.0766627500000001,
    "wall_clock_p95_s": 1.5691036999999999,
    "wall_clock_total_s": 24.8596618
  },
  "cost_latency_s": {
    "count": 12,
    "max": 1.298762357,
    "mean": 0.5230817798434699,
    "min": 0.20073074610343067,
    "p50": 0.4321683471340133,
    "p95": 1.1812700424999998,
    "p99": 1.2752638941
  },
  "coverage": 0.8333333333333334,
  "done_count": 10,
  "energy_j": {
    "physical_system": {
      "rsu": 1262.845099204972,
      "rsu_by_id": {
        "rsu-1": 697.6905841300817,
        "rsu-2": 565.1545150748904
      },
      "total": 1438.816456671172,
      "vehicle": 175.97135746620017,
      "vehicle_by_id": {
        "veh-1": 96.26052006941482,
        "veh-2": 79.71083739678535
      }
    },
    "task_attributed": {
      "rsu": 11.413417964972345,
      "total": 47.80201098517253,
      "vehicle": 36.38859302020018
    }
  },
  "fail_count": 2,
  "failure_rate": 0.16666666666666666,
  "failure_reasons": {
    "PREP_FAILED": 1,
    "TIMEOUT": 1
  },
  "invariant_check_count": 225,
  "invariant_failure_count": 0,
  "latency_p50_s": 0.40822321128168904,
  "latency_p95_s": 0.8628168863966758,
  "latency_p99_s": 1.2115732628793352,
  "metric_semantics": {
    "all_task_loss": "DONE FER loss; FAIL uses frozen config.cost.failure_loss",
    "cost_latency_s": "DONE latency, otherwise the configured relative deadline",
    "energy": "task attribution is distinct from independent physical system energy",
    "terminal_latency_s": "terminal_time-arrival_time for every terminal task"
  },
  "nonterminal_count": 0,
  "resources": {
    "max_residual_work_s": 0.178736269,
    "max_utilization": 0.15964728750676757,
    "max_waiting_jobs": 0,
    "mean_utilization": 0.03446547604304577,
    "pool_count": 10,
    "pools": {
      "rsu/rsu-1/rsu-1:gpu": {
        "busy_server_seconds": 0.07402439457142851,
        "cancelled_job_count": 0,
        "completed_job_count": 3,
        "job_count": 3,
        "max_residual_work_s": 0.020062239,
        "max_running_observed": 1,
        "max_waiting_jobs": 0,
        "owner_id": "rsu-1",
        "owner_type": "rsu",
        "resource_id": "rsu-1:gpu",
        "resource_kind": "rsu_gpu",
        "server_count": 2,
        "service_s": {
          "count": 3,
          "max": 0.0286603414285711,
          "mean": 0.02467479819047617,
          "min": 0.018679316000000057,
          "p50": 0.02668473714285735,
          "p95": 0.02846278099999973,
          "p99": 0.028620829342856827
        },
        "utilization": 0.00384486482104658,
        "wait_s": {
          "count": 3,
          "max": 0.0,
          "mean": 0.0,
          "min": 0.0,
          "p50": 0.0,
          "p95": 0.0,
          "p99": 0.0
        }
      },
      "rsu/rsu-1/rsu-1:ingress": {
        "busy_server_seconds": 0.01157142857142901,
        "cancelled_job_count": 0,
        "completed_job_count": 3,
        "job_count": 3,
        "max_residual_work_s": 0.003,
        "max_running_observed": 1,
        "max_waiting_jobs": 0,
        "owner_id": "rsu-1",
        "owner_type": "rsu",
        "resource_id": "rsu-1:ingress",
        "resource_kind": "rsu_ingress_cpu",
        "server_count": 1,
        "service_s": {
          "count": 3,
          "max": 0.004285714285714448,
          "mean": 0.0038571428571430033,
          "min": 0.0030000000000001137,
          "p50": 0.004285714285714448,
          "p95": 0.004285714285714448,
          "p99": 0.004285714285714448
        },
        "utilization": 0.0012020518074108745,
        "wait_s": {
          "count": 3,
          "max": 0.0,
          "mean": 0.0,
          "min": 0.0,
          "p50": 0.0,
          "p95": 0.0,
          "p99": 0.0
        }
      },
      "rsu/rsu-2/rsu-2:gpu": {
        "busy_server_seconds": 0.14393784485714223,
        "cancelled_job_count": 0,
        "completed_job_count": 6,
        "job_count": 6,
        "max_residual_work_s": 0.022068463,
        "max_running_observed": 1,
        "max_waiting_jobs": 0,
        "owner_id": "rsu-2",
        "owner_type": "rsu",
        "resource_id": "rsu-2:gpu",
        "resource_kind": "rsu_gpu",
        "server_count": 1,
        "service_s": {
          "count": 6,
          "max": 0.029353211428571058,
          "mean": 0.023989640809523705,
          "min": 0.02054724799999974,
          "p50": 0.022068463000000094,
          "p95": 0.029353211428571058,
          "p99": 0.029353211428571058
        },
        "utilization": 0.014952410197005323,
        "wait_s": {
          "count": 6,
          "max": 0.0,
          "mean": 0.0,
          "min": 0.0,
          "p50": 0.0,
          "p95": 0.0,
          "p99": 0.0
        }
      },
      "rsu/rsu-2/rsu-2:ingress": {
        "busy_server_seconds": 0.02057142857142913,
        "cancelled_job_count": 0,
        "completed_job_count": 6,
        "job_count": 6,
        "max_residual_work_s": 0.003,
        "max_running_observed": 1,
        "max_waiting_jobs": 0,
        "owner_id": "rsu-2",
        "owner_type": "rsu",
        "resource_id": "rsu-2:ingress",
        "resource_kind": "rsu_ingress_cpu",
        "server_count": 1,
        "service_s": {
          "count": 6,
          "max": 0.004285714285714448,
          "mean": 0.0034285714285715216,
          "min": 0.0029999999999998916,
          "p50": 0.0030000000000001137,
          "p95": 0.004285714285714448,
          "p99": 0.004285714285714448
        },
        "utilization": 0.0021369809909526426,
        "wait_s": {
          "count": 6,
          "max": 0.0,
          "mean": 0.0,
          "min": 0.0,
          "p50": 0.0,
          "p95": 0.0,
          "p99": 0.0
        }
      },
      "vehicle/veh-1/veh-1:accelerator": {
        "busy_server_seconds": 1.3530938844285716,
        "cancelled_job_count": 0,
        "completed_job_count": 15,
        "job_count": 15,
        "max_residual_work_s": 0.146866996,
        "max_running_observed": 1,
        "max_waiting_jobs": 0,
        "owner_id": "veh-1",
        "owner_type": "vehicle",
        "resource_id": "veh-1:accelerator",
        "resource_kind": "accelerator",
        "server_count": 1,
        "service_s": {
          "count": 15,
          "max": 0.19513374428571417,
          "mean": 0.09020625896190478,
          "min": 0.02310834899999925,
          "p50": 0.10013787500000015,
          "p95": 0.16134702048571417,
          "p99": 0.18837639952571417
        },
        "utilization": 0.14056077340268303,
        "wait_s": {
          "count": 15,
          "max": 0.0,
          "mean": 0.0,
          "min": 0.0,
          "p50": 0.0,
          "p95": 0.0,
          "p99": 0.0
        }
      },
      "vehicle/veh-1/veh-1:cpu": {
        "busy_server_seconds": 0.055714285714286715,
        "cancelled_job_count": 0,
        "completed_job_count": 7,
        "job_count": 7,
        "max_residual_work_s": 0.0075,
        "max_running_observed": 1,
        "max_waiting_jobs": 0,
        "owner_id": "veh-1",
        "owner_type": "vehicle",
        "resource_id": "veh-1:cpu",
        "resource_kind": "cpu",
        "server_count": 1,
        "service_s": {
          "count": 7,
          "max": 0.01071428571428612,
          "mean": 0.00795918367346953,
          "min": 0.00749999999999984,
          "p50": 0.007500000000000284,
          "p95": 0.009750000000000366,
          "p99": 0.01052142857142897
        },
        "utilization": 0.005787656850496687,
        "wait_s": {
          "count": 7,
          "max": 0.0,
          "mean": 0.0,
          "min": 0.0,
          "p50": 0.0,
          "p95": 0.0,
          "p99": 0.0
        }
      },