{
  "all_task_loss": 0.33514281458333334,
  "all_task_loss_available_count": 12,
  "all_task_loss_complete": true,
  "controller_diagnostics": {
    "note": "engineering diagnostic only; excluded from simulated time and core_digest",
    "sample_count": 22,
    "wall_clock_max_s": 1.6048545,
    "wall_clock_mean_s": 1.1075470636363638,
    "wall_clock_p50_s": 1.1045596500000001,
    "wall_clock_p95_s": 1.4779476999999999,
    "wall_clock_total_s": 24.3660354
  },
  "cost_latency_s": {
    "count": 12,
    "max": 1.054880861,
    "mean": 0.42909580510756945,
    "min": 0.09947926599999946,
    "p50": 0.4164528563903306,
    "p95": 0.7393884642344706,
    "p99": 0.9917823816468945
  },
  "coverage": 0.9166666666666666,
  "done_count": 11,
  "energy_j": {
    "physical_system": {
      "rsu": 1282.9377487170968,
      "rsu_by_id": {
        "rsu-1": 717.9799671630728,
        "rsu-2": 564.957781554024
      },
      "total": 1453.028790445097,
      "vehicle": 170.0910417280001,
      "vehicle_by_id": {
        "veh-1": 95.841264065761,
        "veh-2": 74.24977766223911
      }
    },
    "task_attributed": {
      "rsu": 8.30546479709758,
      "total": 38.23367485709773,
      "vehicle": 29.92821006000015
    }
  },
  "fail_count": 1,
  "failure_rate": 0.08333333333333333,
  "failure_reasons": {
    "PREP_FAILED": 1
  },
  "invariant_check_count": 215,
  "invariant_failure_count": 0,
  "latency_p50_s": 0.3919202870041002,
  "latency_p95_s": 0.4772986829841424,
  "latency_p99_s": 0.4804663937378772,
  "metric_semantics": {
    "all_task_loss": "DONE FER loss; FAIL uses frozen config.cost.failure_loss",
    "cost_latency_s": "DONE latency, otherwise the configured relative deadline",
    "energy": "task attribution is distinct from independent physical system energy",
    "terminal_latency_s": "terminal_time-arrival_time for every terminal task"
  },
  "nonterminal_count": 0,
  "resources": {
    "max_residual_work_s": 0.22,
    "max_utilization": 0.14465090143733553,
    "max_waiting_jobs": 0,
    "mean_utilization": 0.03254722903884979,
    "pool_count": 10,
    "pools": {
      "rsu/rsu-1/rsu-1:gpu": {
        "busy_server_seconds": 0.31211102928571544,
        "cancelled_job_count": 0,
        "completed_job_count": 5,
        "job_count": 5,
        "max_residual_work_s": 0.22,
        "max_running_observed": 1,
        "max_waiting_jobs": 0,
        "owner_id": "rsu-1",
        "owner_type": "rsu",
        "resource_id": "rsu-1:gpu",
        "resource_kind": "rsu_gpu",
        "server_count": 2,
        "service_s": {
          "count": 5,
          "max": 0.22000000000000064,
          "mean": 0.06242220585714309,
          "min": 0.018679316000000057,
          "p50": 0.02668473714285735,
          "p95": 0.18133694742857193,
          "p99": 0.2122673894857149
        },
        "utilization": 0.01614411563602884,
        "wait_s": {
          "count": 5,
          "max": 0.0,
          "mean": 0.0,
          "min": 0.0,
          "p50": 0.0,
          "p95": 0.0,
          "p99": 0.0
        }
      },
      "rsu/rsu-1/rsu-1:ingress": {
        "busy_server_seconds": 0.014571428571428902,
        "cancelled_job_count": 0,
        "completed_job_count": 4,
        "job_count": 4,
        "max_residual_work_s": 0.003,
        "max_running_observed": 1,
        "max_waiting_jobs": 0,
        "owner_id": "rsu-1",
        "owner_type": "rsu",
        "resource_id": "rsu-1:ingress",
        "resource_kind": "rsu_ingress_cpu",
        "server_count": 1,
        "service_s": {
          "count": 4,
          "max": 0.004285714285714448,
          "mean": 0.0036428571428572254,
          "min": 0.0029999999999998916,
          "p50": 0.003642857142857281,
          "p95": 0.004285714285714448,
          "p99": 0.004285714285714448
        },
        "utilization": 0.0015074304062733693,
        "wait_s": {
          "count": 4,
          "max": 0.0,
          "mean": 0.0,
          "min": 0.0,
          "p50": 0.0,
          "p95": 0.0,
          "p99": 0.0
        }
      },
      "rsu/rsu-2/rsu-2:gpu": {
        "busy_server_seconds": 0.09251617042857063,
        "cancelled_job_count": 0,
        "completed_job_count": 4,
        "job_count": 4,
        "max_residual_work_s": 0.022068463,
        "max_running_observed": 1,
        "max_waiting_jobs": 0,
        "owner_id": "rsu-2",
        "owner_type": "rsu",
        "resource_id": "rsu-2:gpu",
        "resource_kind": "rsu_gpu",
        "server_count": 1,
        "service_s": {
          "count": 4,
          "max": 0.029353211428571058,
          "mean": 0.023129042607142658,
          "min": 0.02054724799999974,
          "p50": 0.021307855499999917,
          "p95": 0.02826049916428541,
          "p99": 0.029134668975713925
        },
        "utilization": 0.009570900182666209,
        "wait_s": {
          "count": 4,
          "max": 0.0,
          "mean": 0.0,
          "min": 0.0,
          "p50": 0.0,
          "p95": 0.0,
          "p99": 0.0
        }
      },
      "rsu/rsu-2/rsu-2:ingress": {
        "busy_server_seconds": 0.01328571428571479,
        "cancelled_job_count": 0,
        "completed_job_count": 4,
        "job_count": 4,
        "max_residual_work_s": 0.003,
        "max_running_observed": 1,
        "max_waiting_jobs": 0,
        "owner_id": "rsu-2",
        "owner_type": "rsu",
        "resource_id": "rsu-2:ingress",
        "resource_kind": "rsu_ingress_cpu",
        "server_count": 1,
        "service_s": {
          "count": 4,
          "max": 0.004285714285714448,
          "mean": 0.0033214285714286973,
          "min": 0.0030000000000001137,
          "p50": 0.0030000000000001137,
          "p95": 0.004092857142857297,
          "p99": 0.004247142857143018
        },
        "utilization": 0.0013744218410139753,
        "wait_s": {
          "count": 4,
          "max": 0.0,
          "mean": 0.0,
          "min": 0.0,
          "p50": 0.0,
          "p95": 0.0,
          "p99": 0.0
        }
      },
      "vehicle/veh-1/veh-1:accelerator": {
        "busy_server_seconds": 1.3982537895714287,
        "cancelled_job_count": 0,
        "completed_job_count": 18,
        "job_count": 18,
        "max_residual_work_s": 0.142810711,
        "max_running_observed": 1,
        "max_waiting_jobs": 0,
        "owner_id": "veh-1",
        "owner_type": "vehicle",
        "resource_id": "veh-1:accelerator",
        "resource_kind": "accelerator",
        "server_count": 1,
        "service_s": {
          "count": 18,
          "max": 0.20048230285714297,
          "mean": 0.0776807660873016,
          "min": 0.02310834899999925,
          "p50": 0.041285714285714814,
          "p95": 0.15146144977857143,
          "p99": 0.1906781322414286
        },
        "utilization": 0.14465090143733553,
        "wait_s": {
          "count": 18,
          "max": 0.0,
          "mean": 0.0,
          "min": 0.0,
          "p50": 0.0,
          "p95": 0.0,
          "p99": 0.0
        }
      },
      "vehicle/veh-1/veh-1:cpu": {
        "busy_server_seconds": 0.05571428571428716,
        "cancelled_job_count": 0,
        "completed_job_count": 7,
        "job_count": 7,
        "max_residual_work_s": 0.0075,
        "max_running_observed": 1,
        "max_waiting_jobs": 0,
        "owner_id": "veh-1",
        "owner_type": "vehicle",
        "resource_id": "veh-1:cpu",
        "resource_kind": "cpu",
        "server_count": 1,
        "service_s": {
          "count": 7,
          "max": 0.01071428571428612,
          "mean": 0.007959183673469594,
          "min": 0.00749999999999984,
          "p50": 0.007500000000000284,
          "p95": 0.009750000000000366,
          "p99": 0.01052142857142897
        },
        "utilization": 0.005763704494574666,
        "wait_s": {
          "count": 7,
          "max": 0.0,
          "mean": 0.0,
          "min": 0.0,
          "p50": 0.0,
          "p95": 0.0,
          "p99": 0.0
        }
      },