{
  "all_task_loss": 0.3696801514166667,
  "all_task_loss_available_count": 12,
  "all_task_loss_complete": true,
  "controller_diagnostics": {
    "note": "engineering diagnostic only; excluded from simulated time and core_digest",
    "sample_count": 22,
    "wall_clock_max_s": 0.0073615,
    "wall_clock_mean_s": 0.0052533272727272725,
    "wall_clock_p50_s": 0.0056332,
    "wall_clock_p95_s": 0.007093375,
    "wall_clock_total_s": 0.1155732
  },
  "cost_latency_s": {
    "count": 12,
    "max": 0.917427341,
    "mean": 0.27422059570061585,
    "min": 0.10997429200000042,
    "p50": 0.23280856298362101,
    "p95": 0.5902459387366512,
    "p99": 0.8519910605473308
  },
  "coverage": 0.9166666666666666,
  "done_count": 11,
  "energy_j": {
    "physical_system": {
      "rsu": 1280.6745284622468,
      "rsu_by_id": {
        "rsu-1": 720.1584181268684,
        "rsu-2": 560.5161103353785
      },
      "total": 1436.6138626445854,
      "vehicle": 155.9393341823387,
      "vehicle_by_id": {
        "veh-1": 86.2289275235745,
        "veh-2": 69.71040665876421
      }
    },
    "task_attributed": {
      "rsu": 6.6199488122464585,
      "total": 22.460887572085134,
      "vehicle": 15.840938759838677
    }
  },
  "fail_count": 1,
  "failure_rate": 0.08333333333333333,
  "failure_reasons": {
    "PREP_FAILED": 1
  },
  "invariant_check_count": 218,
  "invariant_failure_count": 0,
  "latency_p50_s": 0.2111479662412421,
  "latency_p95_s": 0.30471460294427766,
  "latency_p99_s": 0.31898457191489443,
  "metric_semantics": {
    "all_task_loss": "DONE FER loss; FAIL uses frozen config.cost.failure_loss",
    "cost_latency_s": "DONE latency, otherwise the configured relative deadline",
    "energy": "task attribution is distinct from independent physical system energy",
    "terminal_latency_s": "terminal_time-arrival_time for every terminal task"
  },
  "nonterminal_count": 0,
  "resources": {
    "max_residual_work_s": 0.22,
    "max_utilization": 0.0741383472275589,
    "max_waiting_jobs": 0,
    "mean_utilization": 0.01883484976688398,
    "pool_count": 10,
    "pools": {
      "rsu/rsu-1/rsu-1:gpu": {
        "busy_server_seconds": 0.3775373214285729,
        "cancelled_job_count": 0,
        "completed_job_count": 8,
        "job_count": 8,
        "max_residual_work_s": 0.22,
        "max_running_observed": 1,
        "max_waiting_jobs": 0,
        "owner_id": "rsu-1",
        "owner_type": "rsu",
        "resource_id": "rsu-1:gpu",
        "resource_kind": "rsu_gpu",
        "server_count": 2,
        "service_s": {
          "count": 8,
          "max": 0.22000000000000064,
          "mean": 0.04719216517857161,
          "min": 0.018679316000000057,
          "p50": 0.023373488071428694,
          "p95": 0.15233965800000038,
          "p99": 0.20646793160000054
        },
        "utilization": 0.01953730856161943,
        "wait_s": {
          "count": 8,
          "max": 0.0,
          "mean": 0.0,
          "min": 0.0,
          "p50": 0.0,
          "p95": 0.0,
          "p99": 0.0
        }
      },
      "rsu/rsu-1/rsu-1:ingress": {
        "busy_server_seconds": 0.024857142857143577,
        "cancelled_job_count": 0,
        "completed_job_count": 7,
        "job_count": 7,
        "max_residual_work_s": 0.003,
        "max_running_observed": 1,
        "max_waiting_jobs": 0,
        "owner_id": "rsu-1",
        "owner_type": "rsu",
        "resource_id": "rsu-1:ingress",
        "resource_kind": "rsu_ingress_cpu",
        "server_count": 1,
        "service_s": {
          "count": 7,
          "max": 0.004285714285714448,
          "mean": 0.0035510204081633683,
          "min": 0.0029999999999998916,
          "p50": 0.0030000000000001137,
          "p95": 0.004285714285714448,
          "p99": 0.004285714285714448
        },
        "utilization": 0.002572681652360285,
        "wait_s": {
          "count": 7,
          "max": 0.0,
          "mean": 0.0,
          "min": 0.0,
          "p50": 0.0,
          "p95": 0.0,
          "p99": 0.0
        }
      },
      "rsu/rsu-2/rsu-2:gpu": {
        "busy_server_seconds": 0.0,
        "cancelled_job_count": 0,
        "completed_job_count": 0,
        "job_count": 0,
        "max_residual_work_s": 0.0,
        "max_running_observed": 0,
        "max_waiting_jobs": 0,
        "owner_id": "rsu-2",
        "owner_type": "rsu",
        "resource_id": "rsu-2:gpu",
        "resource_kind": "rsu_gpu",
        "server_count": 1,
        "service_s": {
          "count": 0,
          "max": null,
          "mean": null,
          "min": null,
          "p50": null,
          "p95": null,
          "p99": null
        },
        "utilization": 0.0,
        "wait_s": {
          "count": 0,
          "max": null,
          "mean": null,
          "min": null,
          "p50": null,
          "p95": null,
          "p99": null
        }
      },
      "rsu/rsu-2/rsu-2:ingress": {
        "busy_server_seconds": 0.0,
        "cancelled_job_count": 0,
        "completed_job_count": 0,
        "job_count": 0,
        "max_residual_work_s": 0.0,
        "max_running_observed": 0,
        "max_waiting_jobs": 0,
        "owner_id": "rsu-2",
        "owner_type": "rsu",
        "resource_id": "rsu-2:ingress",
        "resource_kind": "rsu_ingress_cpu",
        "server_count": 1,
        "service_s": {
          "count": 0,
          "max": null,
          "mean": null,
          "min": null,
          "p50": null,
          "p95": null,
          "p99": null
        },
        "utilization": 0.0,
        "wait_s": {
          "count": 0,
          "max": null,
          "mean": null,
          "min": null,
          "p50": null,
          "p95": null,
          "p99": null
        }
      },
      "vehicle/veh-1/veh-1:accelerator": {
        "busy_server_seconds": 0.6364868565714292,
        "cancelled_job_count": 0,
        "completed_job_count": 20,
        "job_count": 20,
        "max_residual_work_s": 0.0374,
        "max_running_observed": 1,
        "max_waiting_jobs": 0,
        "owner_id": "veh-1",
        "owner_type": "vehicle",
        "resource_id": "veh-1:accelerator",
        "resource_kind": "accelerator",
        "server_count": 1,
        "service_s": {
          "count": 20,
          "max": 0.04855395428571452,
          "mean": 0.03182434282857146,
          "min": 0.02310834899999925,
          "p50": 0.03384733100000026,
          "p95": 0.03795769771428583,
          "p99": 0.046434702971428765
        },
        "utilization": 0.06587555405223096,
        "wait_s": {
          "count": 20,
          "max": 0.0,
          "mean": 0.0,
          "min": 0.0,
          "p50": 0.0,
          "p95": 0.0,
          "p99": 0.0
        }
      },
      "vehicle/veh-1/veh-1:cpu": {
        "busy_server_seconds": 0.08142857142857296,
        "cancelled_job_count": 0,
        "completed_job_count": 10,
        "job_count": 10,
        "max_residual_work_s": 0.0075,
        "max_running_observed": 1,
        "max_waiting_jobs": 0,
        "owner_id": "veh-1",
        "owner_type": "vehicle",
        "resource_id": "veh-1:cpu",
        "resource_kind": "cpu",
        "server_count": 1,
        "service_s": {
          "count": 10,
          "max": 0.01071428571428612,
          "mean": 0.008142857142857295,
          "min": 0.00749999999999984,
          "p50": 0.007500000000000284,
          "p95": 0.01071428571428612,
          "p99": 0.01071428571428612
        },
        "utilization": 0.008427750240490504,
        "wait_s": {
          "count": 10,
          "max": 0.0,
          "mean": 0.0,
          "min": 0.0,
          "p50": 0.0,
          "p95": 0.0,
          "p99": 0.0
        }
      },
      "vehicle/veh-1/veh-1:encoder": {
        "busy_server_seconds": 0.047888845714285644,
        "cancelled_job_count": 0,
        "completed_job_count": 6,
        "job_count": 6,
        "max_residual_work_s": 0.0075078,
        "max_running_observed": 1,
        "max_waiting_jobs": 0,