{
  "all_task_loss": 0.3528465920833333,
  "all_task_loss_available_count": 12,
  "all_task_loss_complete": true,
  "controller_diagnostics": {
    "note": "engineering diagnostic only; excluded from simulated time and core_digest",
    "sample_count": 13,
    "wall_clock_max_s": 1.0621652,
    "wall_clock_mean_s": 0.9028588076923078,
    "wall_clock_p50_s": 0.907789,
    "wall_clock_p95_s": 1.0483343,
    "wall_clock_total_s": 11.7371645
  },
  "cost_latency_s": {
    "count": 12,
    "max": 1.21437217,
    "mean": 0.20815531044047597,
    "min": 0.06130834899999993,
    "p50": 0.10457380949999928,
    "p95": 0.7156385477999994,
    "p99": 1.1146254455600006
  },
  "coverage": 0.9166666666666666,
  "done_count": 11,
  "energy_j": {
    "physical_system": {
      "rsu": 1268.074871499999,
      "rsu_by_id": {
        "rsu-1": 710.3491595999997,
        "rsu-2": 557.7257118999995
      },
      "total": 1418.5363925841705,
      "vehicle": 150.46152108417138,
      "vehicle_by_id": {
        "veh-1": 81.91412519768569,
        "veh-2": 68.54739588648569
      }
    },
    "task_attributed": {
      "rsu": 0.0,
      "total": 11.030093109171379,
      "vehicle": 11.030093109171379
    }
  },
  "fail_count": 1,
  "failure_rate": 0.08333333333333333,
  "failure_reasons": {
    "PREP_FAILED": 1
  },
  "invariant_check_count": 140,
  "invariant_failure_count": 0,
  "latency_p50_s": 0.09550264928571339,
  "latency_p95_s": 0.22462503755714297,
  "latency_p99_s": 0.29099202031142873,
  "metric_semantics": {
    "all_task_loss": "DONE FER loss; FAIL uses frozen config.cost.failure_loss",
    "cost_latency_s": "DONE latency, otherwise the configured relative deadline",
    "energy": "task attribution is distinct from independent physical system energy",
    "terminal_latency_s": "terminal_time-arrival_time for every terminal task"
  },
  "nonterminal_count": 0,
  "resources": {
    "max_residual_work_s": 0.22,
    "max_utilization": 0.0875700192753271,
    "max_waiting_jobs": 0,
    "mean_utilization": 0.014809299059423787,
    "pool_count": 10,
    "pools": {
      "rsu/rsu-1/rsu-1:gpu": {
        "busy_server_seconds": 0.22000000000000064,
        "cancelled_job_count": 0,
        "completed_job_count": 1,
        "job_count": 1,
        "max_residual_work_s": 0.22,
        "max_running_observed": 1,
        "max_waiting_jobs": 0,
        "owner_id": "rsu-1",
        "owner_type": "rsu",
        "resource_id": "rsu-1:gpu",
        "resource_kind": "rsu_gpu",
        "server_count": 2,
        "service_s": {
          "count": 1,
          "max": 0.22000000000000064,
          "mean": 0.22000000000000064,
          "min": 0.22000000000000064,
          "p50": 0.22000000000000064,
          "p95": 0.22000000000000064,
          "p99": 0.22000000000000064
        },
        "utilization": 0.011439314817072574,
        "wait_s": {
          "count": 1,
          "max": 0.0,
          "mean": 0.0,
          "min": 0.0,
          "p50": 0.0,
          "p95": 0.0,
          "p99": 0.0
        }
      },
      "rsu/rsu-1/rsu-1:ingress": {
        "busy_server_seconds": 0.0,
        "cancelled_job_count": 0,
        "completed_job_count": 0,
        "job_count": 0,
        "max_residual_work_s": 0.0,
        "max_running_observed": 0,
        "max_waiting_jobs": 0,
        "owner_id": "rsu-1",
        "owner_type": "rsu",
        "resource_id": "rsu-1:ingress",
        "resource_kind": "rsu_ingress_cpu",
        "server_count": 1,
        "service_s": {
          "count": 0,
          "max": null,
          "mean": null,
          "min": null,
          "p50": null,
          "p95": null,
          "p99": null
        },
        "utilization": 0.0,
        "wait_s": {
          "count": 0,
          "max": null,
          "mean": null,
          "min": null,
          "p50": null,
          "p95": null,
          "p99": null
        }
      },
      "rsu/rsu-2/rsu-2:gpu": {
        "busy_server_seconds": 0.0,
        "cancelled_job_count": 0,
        "completed_job_count": 0,
        "job_count": 0,
        "max_residual_work_s": 0.0,
        "max_running_observed": 0,
        "max_waiting_jobs": 0,
        "owner_id": "rsu-2",
        "owner_type": "rsu",
        "resource_id": "rsu-2:gpu",
        "resource_kind": "rsu_gpu",
        "server_count": 1,
        "service_s": {
          "count": 0,
          "max": null,
          "mean": null,
          "min": null,
          "p50": null,
          "p95": null,
          "p99": null
        },
        "utilization": 0.0,
        "wait_s": {
          "count": 0,
          "max": null,
          "mean": null,
          "min": null,
          "p50": null,
          "p95": null,
          "p99": null
        }
      },
      "rsu/rsu-2/rsu-2:ingress": {
        "busy_server_seconds": 0.0,
        "cancelled_job_count": 0,
        "completed_job_count": 0,
        "job_count": 0,
        "max_residual_work_s": 0.0,
        "max_running_observed": 0,
        "max_waiting_jobs": 0,
        "owner_id": "rsu-2",
        "owner_type": "rsu",
        "resource_id": "rsu-2:ingress",
        "resource_kind": "rsu_ingress_cpu",
        "server_count": 1,
        "service_s": {
          "count": 0,
          "max": null,
          "mean": null,
          "min": null,
          "p50": null,
          "p95": null,
          "p99": null
        },
        "utilization": 0.0,
        "wait_s": {
          "count": 0,
          "max": null,
          "mean": null,
          "min": null,
          "p50": null,
          "p95": null,
          "p99": null
        }
      },
      "vehicle/veh-1/veh-1:accelerator": {
        "busy_server_seconds": 0.4342259445714265,
        "cancelled_job_count": 0,
        "completed_job_count": 14,
        "job_count": 14,
        "max_residual_work_s": 0.0374,
        "max_running_observed": 1,
        "max_waiting_jobs": 0,
        "owner_id": "veh-1",
        "owner_type": "vehicle",
        "resource_id": "veh-1:accelerator",
        "resource_kind": "accelerator",
        "server_count": 1,
        "service_s": {
          "count": 14,
          "max": 0.05342857142857138,
          "mean": 0.031016138897959036,
          "min": 0.01817507800000051,
          "p50": 0.02912754607142798,
          "p95": 0.043009999999999965,
          "p99": 0.05134485714285709
        },
        "utilization": 0.04515679346993853,
        "wait_s": {
          "count": 14,
          "max": 0.0,
          "mean": 0.0,
          "min": 0.0,
          "p50": 0.0,
          "p95": 0.0,
          "p99": 0.0
        }
      },
      "vehicle/veh-1/veh-1:cpu": {
        "busy_server_seconds": 0.015000000000000568,
        "cancelled_job_count": 0,
        "completed_job_count": 2,
        "job_count": 2,
        "max_residual_work_s": 0.0075,
        "max_running_observed": 1,
        "max_waiting_jobs": 0,
        "owner_id": "veh-1",
        "owner_type": "vehicle",
        "resource_id": "veh-1:cpu",
        "resource_kind": "cpu",
        "server_count": 1,
        "service_s": {
          "count": 2,
          "max": 0.007500000000000284,
          "mean": 0.007500000000000284,
          "min": 0.007500000000000284,
          "p50": 0.007500000000000284,
          "p95": 0.007500000000000284,
          "p99": 0.007500000000000284
        },
        "utilization": 0.0015599065659644964,
        "wait_s": {
          "count": 2,
          "max": 0.0,
          "mean": 0.0,
          "min": 0.0,
          "p50": 0.0,
          "p95": 0.0,
          "p99": 0.0
        }
      },
      "vehicle/veh-1/veh-1:encoder": {
        "busy_server_seconds": 0.007291939999999997,
        "cancelled_job_count": 0,
        "completed_job_count": 1,
        "job_count": 1,
        "max_residual_work_s": 0.00729194,
        "max_running_observed": 1,
        "max_waiting_jobs": 0,
        "owner_id": "veh-1",
        "owner_type": "vehicle",
        "resource_id": "veh-1:encoder",
        "resource_kind": "encoder",