{
  "all_task_loss": 0.34702296908333335,
  "all_task_loss_available_count": 12,
  "all_task_loss_complete": true,
  "controller_diagnostics": {
    "note": "engineering diagnostic only; excluded from simulated time and core_digest",
    "sample_count": 22,
    "wall_clock_max_s": 0.0068616,
    "wall_clock_mean_s": 0.0049486090909090915,
    "wall_clock_p50_s": 0.00519455,
    "wall_clock_p95_s": 0.006573475,
    "wall_clock_total_s": 0.1088694
  },
  "cost_latency_s": {
    "count": 12,
    "max": 1.177847548,
    "mean": 0.285962254210898,
    "min": 0.1433210729999992,
    "p50": 0.19369971251819962,
    "p95": 0.7040490988934405,
    "p99": 1.0830878581786885
  },
  "coverage": 0.9166666666666666,
  "done_count": 11,
  "energy_j": {
    "physical_system": {
      "rsu": 1275.4206578337862,
      "rsu_by_id": {
        "rsu-1": 715.8123500762929,
        "rsu-2": 559.6083077574933
      },
      "total": 1429.524201699605,
      "vehicle": 154.10354386581895,
      "vehicle_by_id": {
        "veh-1": 85.4177018715075,
        "veh-2": 68.68584199431143
      }
    },
    "task_attributed": {
      "rsu": 7.601347613786858,
      "total": 22.30196841660579,
      "vehicle": 14.700620802818932
    }
  },
  "fail_count": 1,
  "failure_rate": 0.08333333333333333,
  "failure_reasons": {
    "PREP_FAILED": 1
  },
  "invariant_check_count": 219,
  "invariant_failure_count": 0,
  "latency_p50_s": 0.18421077180169565,
  "latency_p95_s": 0.27938867268320633,
  "latency_p99_s": 0.30899439241801024,
  "metric_semantics": {
    "all_task_loss": "DONE FER loss; FAIL uses frozen config.cost.failure_loss",
    "cost_latency_s": "DONE latency, otherwise the configured relative deadline",
    "energy": "task attribution is distinct from independent physical system energy",
    "terminal_latency_s": "terminal_time-arrival_time for every terminal task"
  },
  "nonterminal_count": 0,
  "resources": {
    "max_residual_work_s": 0.22,
    "max_utilization": 0.06558459881338471,
    "max_waiting_jobs": 0,
    "mean_utilization": 0.017640767814250034,
    "pool_count": 10,
    "pools": {
      "rsu/rsu-1/rsu-1:gpu": {
        "busy_server_seconds": 0.35747508242857284,
        "cancelled_job_count": 0,
        "completed_job_count": 7,
        "job_count": 7,
        "max_residual_work_s": 0.22,
        "max_running_observed": 1,
        "max_waiting_jobs": 0,
        "owner_id": "rsu-1",
        "owner_type": "rsu",
        "resource_id": "rsu-1:gpu",
        "resource_kind": "rsu_gpu",
        "server_count": 2,
        "service_s": {
          "count": 7,
          "max": 0.22000000000000064,
          "mean": 0.05106786891836755,
          "min": 0.018679316000000057,
          "p50": 0.02668473714285735,
          "p95": 0.16200542114285754,
          "p99": 0.20840108422857193
        },
        "utilization": 0.01859139170586757,
        "wait_s": {
          "count": 7,
          "max": 0.0,
          "mean": 0.0,
          "min": 0.0,
          "p50": 0.0,
          "p95": 0.0,
          "p99": 0.0
        }
      },
      "rsu/rsu-1/rsu-1:ingress": {
        "busy_server_seconds": 0.021857142857143463,
        "cancelled_job_count": 0,
        "completed_job_count": 6,
        "job_count": 6,
        "max_residual_work_s": 0.003,
        "max_running_observed": 1,
        "max_waiting_jobs": 0,
        "owner_id": "rsu-1",
        "owner_type": "rsu",
        "resource_id": "rsu-1:ingress",
        "resource_kind": "rsu_ingress_cpu",
        "server_count": 1,
        "service_s": {
          "count": 6,
          "max": 0.004285714285714448,
          "mean": 0.003642857142857244,
          "min": 0.0029999999999998916,
          "p50": 0.003642857142857281,
          "p95": 0.004285714285714448,
          "p99": 0.004285714285714448
        },
        "utilization": 0.0022734714915938425,
        "wait_s": {
          "count": 6,
          "max": 0.0,
          "mean": 0.0,
          "min": 0.0,
          "p50": 0.0,
          "p95": 0.0,
          "p99": 0.0
        }
      },
      "rsu/rsu-2/rsu-2:gpu": {
        "busy_server_seconds": 0.042615710999999834,
        "cancelled_job_count": 0,
        "completed_job_count": 2,
        "job_count": 2,
        "max_residual_work_s": 0.022068463,
        "max_running_observed": 1,
        "max_waiting_jobs": 0,
        "owner_id": "rsu-2",
        "owner_type": "rsu",
        "resource_id": "rsu-2:gpu",
        "resource_kind": "rsu_gpu",
        "server_count": 1,
        "service_s": {
          "count": 2,
          "max": 0.022068463000000094,
          "mean": 0.021307855499999917,
          "min": 0.02054724799999974,
          "p50": 0.021307855499999917,
          "p95": 0.021992402250000077,
          "p99": 0.022053250850000088
        },
        "utilization": 0.004432674695212375,
        "wait_s": {
          "count": 2,
          "max": 0.0,
          "mean": 0.0,
          "min": 0.0,
          "p50": 0.0,
          "p95": 0.0,
          "p99": 0.0
        }
      },
      "rsu/rsu-2/rsu-2:ingress": {
        "busy_server_seconds": 0.006000000000000227,
        "cancelled_job_count": 0,
        "completed_job_count": 2,
        "job_count": 2,
        "max_residual_work_s": 0.003,
        "max_running_observed": 1,
        "max_waiting_jobs": 0,
        "owner_id": "rsu-2",
        "owner_type": "rsu",
        "resource_id": "rsu-2:ingress",
        "resource_kind": "rsu_ingress_cpu",
        "server_count": 1,
        "service_s": {
          "count": 2,
          "max": 0.0030000000000001137,
          "mean": 0.0030000000000001137,
          "min": 0.0030000000000001137,
          "p50": 0.0030000000000001137,
          "p95": 0.0030000000000001137,
          "p99": 0.0030000000000001137
        },
        "utilization": 0.0006240902133787081,
        "wait_s": {
          "count": 2,
          "max": 0.0,
          "mean": 0.0,
          "min": 0.0,
          "p50": 0.0,
          "p95": 0.0,
          "p99": 0.0
        }
      },
      "vehicle/veh-1/veh-1:accelerator": {
        "busy_server_seconds": 0.5845181929999976,
        "cancelled_job_count": 0,
        "completed_job_count": 19,
        "job_count": 19,
        "max_residual_work_s": 0.0374,
        "max_running_observed": 1,
        "max_waiting_jobs": 0,
        "owner_id": "veh-1",
        "owner_type": "vehicle",
        "resource_id": "veh-1:accelerator",
        "resource_kind": "accelerator",
        "server_count": 1,
        "service_s": {
          "count": 19,
          "max": 0.04873918285714307,
          "mean": 0.030764115421052507,
          "min": 0.02310834899999925,
          "p50": 0.033011927142856834,
          "p95": 0.03853391828571417,
          "p99": 0.0466981299428573
        },
        "utilization": 0.06079868063218194,
        "wait_s": {
          "count": 19,
          "max": 0.0,
          "mean": 0.0,
          "min": 0.0,
          "p50": 0.0,
          "p95": 0.0,
          "p99": 0.0
        }
      },
      "vehicle/veh-1/veh-1:cpu": {
        "busy_server_seconds": 0.07821428571428712,
        "cancelled_job_count": 0,
        "completed_job_count": 10,
        "job_count": 10,
        "max_residual_work_s": 0.0075,
        "max_running_observed": 1,
        "max_waiting_jobs": 0,
        "owner_id": "veh-1",
        "owner_type": "vehicle",
        "resource_id": "veh-1:cpu",
        "resource_kind": "cpu",
        "server_count": 1,
        "service_s": {
          "count": 10,
          "max": 0.01071428571428612,
          "mean": 0.007821428571428712,
          "min": 0.00749999999999984,
          "p50": 0.007500000000000284,
          "p95": 0.00926785714285749,
          "p99": 0.010425000000000396
        },
        "utilization": 0.008135461710115142,
        "wait_s": {
          "count": 10,
          "max": 0.0,
          "mean": 0.0,
          "min": 0.0,
          "p50": 0.0,
          "p95": 0.0,
          "p99": 0.0
        }
      },