{
  "all_task_loss": 0.42315750399999996,
  "all_task_loss_available_count": 6,
  "all_task_loss_complete": true,
  "controller_diagnostics": {
    "note": "engineering diagnostic only; excluded from simulated time and core_digest",
    "sample_count": 6,
    "wall_clock_max_s": 0.0102893,
    "wall_clock_mean_s": 0.007585466666666666,
    "wall_clock_p50_s": 0.00740125,
    "wall_clock_p95_s": 0.009867125,
    "wall_clock_total_s": 0.0455128
  },
  "cost_latency_s": {
    "count": 6,
    "max": 1.173239556,
    "mean": 0.2896299758727776,
    "min": 0.060760000000000036,
    "p50": 0.13178383428261886,
    "p95": 0.9209225241428571,
    "p99": 1.1227761496285718
  },
  "coverage": 0.8333333333333334,
  "done_count": 5,
  "energy_j": {
    "physical_system": {
      "rsu": 723.3360193481785,
      "rsu_by_id": {
        "rsu-1": 401.0830616821786,
        "rsu-2": 322.252957666
      },
      "total": 808.3578946120931,
      "vehicle": 85.02187526391458,
      "vehicle_by_id": {
        "veh-1": 46.90761509198603,
        "veh-2": 38.11426017192856
      }
    },
    "task_attributed": {
      "rsu": 1.0449073381786498,
      "total": 5.5035431855932355,
      "vehicle": 4.458635847414586
    }
  },
  "fail_count": 1,
  "failure_rate": 0.16666666666666666,
  "failure_reasons": {
    "PREP_FAILED": 1
  },
  "invariant_check_count": 84,
  "invariant_failure_count": 0,
  "latency_p50_s": 0.09212060104999964,
  "latency_p95_s": 0.16187048856988095,
  "latency_p99_s": 0.1635512405711191,
  "metric_semantics": {
    "all_task_loss": "DONE FER loss; FAIL uses frozen config.cost.failure_loss",
    "cost_latency_s": "DONE latency, otherwise the configured relative deadline",
    "energy": "task attribution is distinct from independent physical system energy",
    "terminal_latency_s": "terminal_time-arrival_time for every terminal task"
  },
  "nonterminal_count": 0,
  "resources": {
    "max_residual_work_s": 0.0682,
    "max_utilization": 0.055681545910714295,
    "max_waiting_jobs": 0,
    "mean_utilization": 0.00977522070025252,
    "pool_count": 10,
    "pools": {
      "rsu/rsu-1/rsu-1:gpu": {
        "busy_server_seconds": 0.02300000000000013,
        "cancelled_job_count": 0,
        "completed_job_count": 1,
        "job_count": 1,
        "max_residual_work_s": 0.023,
        "max_running_observed": 1,
        "max_waiting_jobs": 0,
        "owner_id": "rsu-1",
        "owner_type": "rsu",
        "resource_id": "rsu-1:gpu",
        "resource_kind": "rsu_gpu",
        "server_count": 2,
        "service_s": {
          "count": 1,
          "max": 0.02300000000000013,
          "mean": 0.02300000000000013,
          "min": 0.02300000000000013,
          "p50": 0.02300000000000013,
          "p95": 0.02300000000000013,
          "p99": 0.02300000000000013
        },
        "utilization": 0.0020698025701018324,
        "wait_s": {
          "count": 1,
          "max": 0.0,
          "mean": 0.0,
          "min": 0.0,
          "p50": 0.0,
          "p95": 0.0,
          "p99": 0.0
        }
      },
      "rsu/rsu-1/rsu-1:ingress": {
        "busy_server_seconds": 0.0030000000000001137,
        "cancelled_job_count": 0,
        "completed_job_count": 1,
        "job_count": 1,
        "max_residual_work_s": 0.003,
        "max_running_observed": 1,
        "max_waiting_jobs": 0,
        "owner_id": "rsu-1",
        "owner_type": "rsu",
        "resource_id": "rsu-1:ingress",
        "resource_kind": "rsu_ingress_cpu",
        "server_count": 1,
        "service_s": {
          "count": 1,
          "max": 0.0030000000000001137,
          "mean": 0.0030000000000001137,
          "min": 0.0030000000000001137,
          "p50": 0.0030000000000001137,
          "p95": 0.0030000000000001137,
          "p99": 0.0030000000000001137
        },
        "utilization": 0.0005399484965483215,
        "wait_s": {
          "count": 1,
          "max": 0.0,
          "mean": 0.0,
          "min": 0.0,
          "p50": 0.0,
          "p95": 0.0,
          "p99": 0.0
        }
      },
      "rsu/rsu-2/rsu-2:gpu": {
        "busy_server_seconds": 0.0,
        "cancelled_job_count": 0,
        "completed_job_count": 0,
        "job_count": 0,
        "max_residual_work_s": 0.0,
        "max_running_observed": 0,
        "max_waiting_jobs": 0,
        "owner_id": "rsu-2",
        "owner_type": "rsu",
        "resource_id": "rsu-2:gpu",
        "resource_kind": "rsu_gpu",
        "server_count": 1,
        "service_s": {
          "count": 0,
          "max": null,
          "mean": null,
          "min": null,
          "p50": null,
          "p95": null,
          "p99": null
        },
        "utilization": 0.0,
        "wait_s": {
          "count": 0,
          "max": null,
          "mean": null,
          "min": null,
          "p50": null,
          "p95": null,
          "p99": null
        }
      },
      "rsu/rsu-2/rsu-2:ingress": {
        "busy_server_seconds": 0.0,
        "cancelled_job_count": 0,
        "completed_job_count": 0,
        "job_count": 0,
        "max_residual_work_s": 0.0,
        "max_running_observed": 0,
        "max_waiting_jobs": 0,
        "owner_id": "rsu-2",
        "owner_type": "rsu",
        "resource_id": "rsu-2:ingress",
        "resource_kind": "rsu_ingress_cpu",
        "server_count": 1,
        "service_s": {
          "count": 0,
          "max": null,
          "mean": null,
          "min": null,
          "p50": null,
          "p95": null,
          "p99": null
        },
        "utilization": 0.0,
        "wait_s": {
          "count": 0,
          "max": null,
          "mean": null,
          "min": null,
          "p50": null,
          "p95": null,
          "p99": null
        }
      },
      "vehicle/veh-1/veh-1:accelerator": {
        "busy_server_seconds": 0.20421698909999964,
        "cancelled_job_count": 0,
        "completed_job_count": 6,
        "job_count": 6,
        "max_residual_work_s": 0.042855787,
        "max_running_observed": 1,
        "max_waiting_jobs": 0,
        "owner_id": "veh-1",
        "owner_type": "vehicle",
        "resource_id": "veh-1:accelerator",
        "resource_kind": "accelerator",
        "server_count": 1,
        "service_s": {
          "count": 6,
          "max": 0.044012630671428354,
          "mean": 0.03403616484999994,
          "min": 0.025959999999999983,
          "p50": 0.032714285714285585,
          "p95": 0.0437234197535713,
          "p99": 0.043954788487856944
        },
        "utilization": 0.0367555520780552,
        "wait_s": {
          "count": 6,
          "max": 0.0,
          "mean": 0.0,
          "min": 0.0,
          "p50": 0.0,
          "p95": 0.0,
          "p99": 0.0
        }
      },
      "vehicle/veh-1/veh-1:cpu": {
        "busy_server_seconds": 0.00749999999999984,
        "cancelled_job_count": 0,
        "completed_job_count": 1,
        "job_count": 1,
        "max_residual_work_s": 0.0075,
        "max_running_observed": 1,
        "max_waiting_jobs": 0,
        "owner_id": "veh-1",
        "owner_type": "vehicle",
        "resource_id": "veh-1:cpu",
        "resource_kind": "cpu",
        "server_count": 1,
        "service_s": {
          "count": 1,
          "max": 0.00749999999999984,
          "mean": 0.00749999999999984,
          "min": 0.00749999999999984,
          "p50": 0.00749999999999984,
          "p95": 0.00749999999999984,
          "p99": 0.00749999999999984
        },
        "utilization": 0.0013498712413707239,
        "wait_s": {
          "count": 1,
          "max": 0.0,
          "mean": 0.0,
          "min": 0.0,
          "p50": 0.0,
          "p95": 0.0,
          "p99": 0.0
        }
      },
      "vehicle/veh-1/veh-1:encoder": {
        "busy_server_seconds": 0.007531199999999849,
        "cancelled_job_count": 0,
        "completed_job_count": 1,
        "job_count": 1,
        "max_residual_work_s": 0.0075312,
        "max_running_observed": 1,
        "max_waiting_jobs": 0,