{
  "all_task_loss": 0.36689121308333333,
  "all_task_loss_available_count": 12,
  "all_task_loss_complete": true,
  "controller_diagnostics": {
    "note": "engineering diagnostic only; excluded from simulated time and core_digest",
    "sample_count": 22,
    "wall_clock_max_s": 0.0083934,
    "wall_clock_mean_s": 0.005097454545454545,
    "wall_clock_p50_s": 0.00498615,
    "wall_clock_p95_s": 0.006801265000000001,
    "wall_clock_total_s": 0.112144
  },
  "cost_latency_s": {
    "count": 12,
    "max": 1.252885554,
    "mean": 0.29399497661603946,
    "min": 0.14475798500000003,
    "p50": 0.20659220220304353,
    "p95": 0.7410920407754014,
    "p99": 1.1505268513550808
  },
  "coverage": 0.9166666666666666,
  "done_count": 11,
  "energy_j": {
    "physical_system": {
      "rsu": 1277.3868630042389,
      "rsu_by_id": {
        "rsu-1": 715.4989451897513,
        "rsu-2": 561.8879178144877
      },
      "total": 1431.9536414402899,
      "vehicle": 154.56677843605092,
      "vehicle_by_id": {
        "veh-1": 85.36258766201931,
        "veh-2": 69.20419077403162
      }
    },
    "task_attributed": {
      "rsu": 6.912792884239208,
      "total": 21.780540422290116,
      "vehicle": 14.867747538050907
    }
  },
  "fail_count": 1,
  "failure_rate": 0.08333333333333333,
  "failure_reasons": {
    "PREP_FAILED": 1
  },
  "invariant_check_count": 214,
  "invariant_failure_count": 0,
  "latency_p50_s": 0.19178343703129985,
  "latency_p95_s": 0.2840147403826393,
  "latency_p99_s": 0.3146844629498399,
  "metric_semantics": {
    "all_task_loss": "DONE FER loss; FAIL uses frozen config.cost.failure_loss",
    "cost_latency_s": "DONE latency, otherwise the configured relative deadline",
    "energy": "task attribution is distinct from independent physical system energy",
    "terminal_latency_s": "terminal_time-arrival_time for every terminal task"
  },
  "nonterminal_count": 0,
  "resources": {
    "max_residual_work_s": 0.22,
    "max_utilization": 0.06792941144002382,
    "max_waiting_jobs": 0,
    "mean_utilization": 0.017735693580706473,
    "pool_count": 10,
    "pools": {
      "rsu/rsu-1/rsu-1:gpu": {
        "busy_server_seconds": 0.31072810628571546,
        "cancelled_job_count": 0,
        "completed_job_count": 5,
        "job_count": 5,
        "max_residual_work_s": 0.22,
        "max_running_observed": 1,
        "max_waiting_jobs": 0,
        "owner_id": "rsu-1",
        "owner_type": "rsu",
        "resource_id": "rsu-1:gpu",
        "resource_kind": "rsu_gpu",
        "server_count": 2,
        "service_s": {
          "count": 5,
          "max": 0.22000000000000064,
          "mean": 0.06214562125714309,
          "min": 0.018679316000000057,
          "p50": 0.02668473714285735,
          "p95": 0.18133694742857193,
          "p99": 0.2122673894857149
        },
        "utilization": 0.016125944153587462,
        "wait_s": {
          "count": 5,
          "max": 0.0,
          "mean": 0.0,
          "min": 0.0,
          "p50": 0.0,
          "p95": 0.0,
          "p99": 0.0
        }
      },
      "rsu/rsu-1/rsu-1:ingress": {
        "busy_server_seconds": 0.014571428571429124,
        "cancelled_job_count": 0,
        "completed_job_count": 4,
        "job_count": 4,
        "max_residual_work_s": 0.003,
        "max_running_observed": 1,
        "max_waiting_jobs": 0,
        "owner_id": "rsu-1",
        "owner_type": "rsu",
        "resource_id": "rsu-1:ingress",
        "resource_kind": "rsu_ingress_cpu",
        "server_count": 1,
        "service_s": {
          "count": 4,
          "max": 0.004285714285714448,
          "mean": 0.003642857142857281,
          "min": 0.0030000000000001137,
          "p50": 0.003642857142857281,
          "p95": 0.004285714285714448,
          "p99": 0.004285714285714448
        },
        "utilization": 0.00151243507508646,
        "wait_s": {
          "count": 4,
          "max": 0.0,
          "mean": 0.0,
          "min": 0.0,
          "p50": 0.0,
          "p95": 0.0,
          "p99": 0.0
        }
      },
      "rsu/rsu-2/rsu-2:gpu": {
        "busy_server_seconds": 0.07349013742857124,
        "cancelled_job_count": 0,
        "completed_job_count": 3,
        "job_count": 3,
        "max_residual_work_s": 0.022068463,
        "max_running_observed": 1,
        "max_waiting_jobs": 0,
        "owner_id": "rsu-2",
        "owner_type": "rsu",
        "resource_id": "rsu-2:gpu",
        "resource_kind": "rsu_gpu",
        "server_count": 1,
        "service_s": {
          "count": 3,
          "max": 0.029353211428571058,
          "mean": 0.024496712476190414,
          "min": 0.022068463000000094,
          "p50": 0.022068463000000094,
          "p95": 0.02862473658571396,
          "p99": 0.02920751645999964
        },
        "utilization": 0.007627876770972926,
        "wait_s": {
          "count": 3,
          "max": 0.0,
          "mean": 0.0,
          "min": 0.0,
          "p50": 0.0,
          "p95": 0.0,
          "p99": 0.0
        }
      },
      "rsu/rsu-2/rsu-2:ingress": {
        "busy_server_seconds": 0.010285714285714453,
        "cancelled_job_count": 0,
        "completed_job_count": 3,
        "job_count": 3,
        "max_residual_work_s": 0.003,
        "max_running_observed": 1,
        "max_waiting_jobs": 0,
        "owner_id": "rsu-2",
        "owner_type": "rsu",
        "resource_id": "rsu-2:ingress",
        "resource_kind": "rsu_ingress_cpu",
        "server_count": 1,
        "service_s": {
          "count": 3,
          "max": 0.004285714285714448,
          "mean": 0.0034285714285714843,
          "min": 0.0029999999999998916,
          "p50": 0.0030000000000001137,
          "p95": 0.0041571428571430145,
          "p99": 0.004260000000000161
        },
        "utilization": 0.0010676012294727722,
        "wait_s": {
          "count": 3,
          "max": 0.0,
          "mean": 0.0,
          "min": 0.0,
          "p50": 0.0,
          "p95": 0.0,
          "p99": 0.0
        }
      },
      "vehicle/veh-1/veh-1:accelerator": {
        "busy_server_seconds": 0.5764150412857134,
        "cancelled_job_count": 0,
        "completed_job_count": 18,
        "job_count": 18,
        "max_residual_work_s": 0.0374,
        "max_running_observed": 1,
        "max_waiting_jobs": 0,
        "owner_id": "veh-1",
        "owner_type": "vehicle",
        "resource_id": "veh-1:accelerator",
        "resource_kind": "accelerator",
        "server_count": 1,
        "service_s": {
          "count": 18,
          "max": 0.05158392714285753,
          "mean": 0.0320230578492063,
          "min": 0.02310834899999925,
          "p50": 0.03399999999999981,
          "p95": 0.039527589071428594,
          "p99": 0.04917265952857172
        },
        "utilization": 0.059828747879757144,
        "wait_s": {
          "count": 18,
          "max": 0.0,
          "mean": 0.0,
          "min": 0.0,
          "p50": 0.0,
          "p95": 0.0,
          "p99": 0.0
        }
      },
      "vehicle/veh-1/veh-1:cpu": {
        "busy_server_seconds": 0.06321428571428689,
        "cancelled_job_count": 0,
        "completed_job_count": 8,
        "job_count": 8,
        "max_residual_work_s": 0.0075,
        "max_running_observed": 1,
        "max_waiting_jobs": 0,
        "owner_id": "veh-1",
        "owner_type": "vehicle",
        "resource_id": "veh-1:cpu",
        "resource_kind": "cpu",
        "server_count": 1,
        "service_s": {
          "count": 8,
          "max": 0.01071428571428612,
          "mean": 0.007901785714285861,
          "min": 0.00749999999999984,
          "p50": 0.007500000000000284,
          "p95": 0.009589285714286076,
          "p99": 0.01048928571428611
        },
        "utilization": 0.006561299222801427,
        "wait_s": {
          "count": 8,
          "max": 0.0,
          "mean": 0.0,
          "min": 0.0,
          "p50": 0.0,
          "p95": 0.0,
          "p99": 0.0
        }
      },