{
  "all_task_loss": 0.31577255541666666,
  "all_task_loss_available_count": 12,
  "all_task_loss_complete": true,
  "controller_diagnostics": {
    "note": "engineering diagnostic only; excluded from simulated time and core_digest",
    "sample_count": 22,
    "wall_clock_max_s": 0.5439561,
    "wall_clock_mean_s": 0.39010015,
    "wall_clock_p50_s": 0.36049770000000003,
    "wall_clock_p95_s": 0.5351932,
    "wall_clock_total_s": 8.5822033
  },
  "cost_latency_s": {
    "count": 12,
    "max": 1.220200956,
    "mean": 0.449842131843708,
    "min": 0.14193804687129408,
    "p50": 0.3702671477060515,
    "p95": 0.911482912773549,
    "p99": 1.1584573473547102
  },
  "coverage": 0.9166666666666666,
  "done_count": 11,
  "energy_j": {
    "physical_system": {
      "rsu": 1276.2389496336775,
      "rsu_by_id": {
        "rsu-1": 713.2550615451489,
        "rsu-2": 562.9838880885286
      },
      "total": 1446.373946274324,
      "vehicle": 170.13499664064645,
      "vehicle_by_id": {
        "veh-1": 94.39064199986632,
        "veh-2": 75.74435464078013
      }
    },
    "task_attributed": {
      "rsu": 8.340007913677963,
      "total": 39.06319951632447,
      "vehicle": 30.7231916026465
    }
  },
  "fail_count": 1,
  "failure_rate": 0.08333333333333333,
  "failure_reasons": {
    "PREP_FAILED": 1
  },
  "invariant_check_count": 215,
  "invariant_failure_count": 0,
  "latency_p50_s": 0.36394128639861556,
  "latency_p95_s": 0.5853808736756032,
  "latency_p99_s": 0.6441925130239199,
  "metric_semantics": {
    "all_task_loss": "DONE FER loss; FAIL uses frozen config.cost.failure_loss",
    "cost_latency_s": "DONE latency, otherwise the configured relative deadline",
    "energy": "task attribution is distinct from independent physical system energy",
    "terminal_latency_s": "terminal_time-arrival_time for every terminal task"
  },
  "nonterminal_count": 0,
  "resources": {
    "max_residual_work_s": 0.22,
    "max_utilization": 0.1516325974933099,
    "max_waiting_jobs": 0,
    "mean_utilization": 0.03404514411919418,
    "pool_count": 10,
    "pools": {
      "rsu/rsu-1/rsu-1:gpu": {
        "busy_server_seconds": 0.2840433691428581,
        "cancelled_job_count": 0,
        "completed_job_count": 4,
        "job_count": 4,
        "max_residual_work_s": 0.22,
        "max_running_observed": 1,
        "max_waiting_jobs": 0,
        "owner_id": "rsu-1",
        "owner_type": "rsu",
        "resource_id": "rsu-1:gpu",
        "resource_kind": "rsu_gpu",
        "server_count": 2,
        "service_s": {
          "count": 4,
          "max": 0.22000000000000064,
          "mean": 0.07101084228571453,
          "min": 0.018679316000000057,
          "p50": 0.022682026571428704,
          "p95": 0.1910027105714291,
          "p99": 0.2142005421142863
        },
        "utilization": 0.014771449417245593,
        "wait_s": {
          "count": 4,
          "max": 0.0,
          "mean": 0.0,
          "min": 0.0,
          "p50": 0.0,
          "p95": 0.0,
          "p99": 0.0
        }
      },
      "rsu/rsu-1/rsu-1:ingress": {
        "busy_server_seconds": 0.010285714285714675,
        "cancelled_job_count": 0,
        "completed_job_count": 3,
        "job_count": 3,
        "max_residual_work_s": 0.003,
        "max_running_observed": 1,
        "max_waiting_jobs": 0,
        "owner_id": "rsu-1",
        "owner_type": "rsu",
        "resource_id": "rsu-1:ingress",
        "resource_kind": "rsu_ingress_cpu",
        "server_count": 1,
        "service_s": {
          "count": 3,
          "max": 0.004285714285714448,
          "mean": 0.0034285714285715585,
          "min": 0.0030000000000001137,
          "p50": 0.0030000000000001137,
          "p95": 0.0041571428571430145,
          "p99": 0.004260000000000161
        },
        "utilization": 0.0010698007754953776,
        "wait_s": {
          "count": 3,
          "max": 0.0,
          "mean": 0.0,
          "min": 0.0,
          "p50": 0.0,
          "p95": 0.0,
          "p99": 0.0
        }
      },
      "rsu/rsu-2/rsu-2:gpu": {
        "busy_server_seconds": 0.11458463342857073,
        "cancelled_job_count": 0,
        "completed_job_count": 5,
        "job_count": 5,
        "max_residual_work_s": 0.022068463,
        "max_running_observed": 1,
        "max_waiting_jobs": 0,
        "owner_id": "rsu-2",
        "owner_type": "rsu",
        "resource_id": "rsu-2:gpu",
        "resource_kind": "rsu_gpu",
        "server_count": 1,
        "service_s": {
          "count": 5,
          "max": 0.029353211428571058,
          "mean": 0.022916926685714146,
          "min": 0.02054724799999974,
          "p50": 0.022068463000000094,
          "p95": 0.02789626174285686,
          "p99": 0.02906182149142822
        },
        "utilization": 0.011917765387668573,
        "wait_s": {
          "count": 5,
          "max": 0.0,
          "mean": 0.0,
          "min": 0.0,
          "p50": 0.0,
          "p95": 0.0,
          "p99": 0.0
        }
      },
      "rsu/rsu-2/rsu-2:ingress": {
        "busy_server_seconds": 0.01628571428571468,
        "cancelled_job_count": 0,
        "completed_job_count": 5,
        "job_count": 5,
        "max_residual_work_s": 0.003,
        "max_running_observed": 1,
        "max_waiting_jobs": 0,
        "owner_id": "rsu-2",
        "owner_type": "rsu",
        "resource_id": "rsu-2:ingress",
        "resource_kind": "rsu_ingress_cpu",
        "server_count": 1,
        "service_s": {
          "count": 5,
          "max": 0.004285714285714448,
          "mean": 0.0032571428571429363,
          "min": 0.0029999999999998916,
          "p50": 0.0030000000000001137,
          "p95": 0.004028571428571581,
          "p99": 0.004234285714285874
        },
        "utilization": 0.0016938512278676582,
        "wait_s": {
          "count": 5,
          "max": 0.0,
          "mean": 0.0,
          "min": 0.0,
          "p50": 0.0,
          "p95": 0.0,
          "p99": 0.0
        }
      },
      "vehicle/veh-1/veh-1:accelerator": {
        "busy_server_seconds": 1.3183018329999974,
        "cancelled_job_count": 0,
        "completed_job_count": 19,
        "job_count": 19,
        "max_residual_work_s": 0.14949451,
        "max_running_observed": 1,
        "max_waiting_jobs": 0,
        "owner_id": "veh-1",
        "owner_type": "vehicle",
        "resource_id": "veh-1:accelerator",
        "resource_kind": "accelerator",
        "server_count": 1,
        "service_s": {
          "count": 19,
          "max": 0.20395123285714245,
          "mean": 0.06938430699999987,
          "min": 0.02310834899999925,
          "p50": 0.0374000000000001,
          "p95": 0.15494018228571405,
          "p99": 0.1941490227428568
        },
        "utilization": 0.1371144758744757,
        "wait_s": {
          "count": 19,
          "max": 0.0,
          "mean": 0.0,
          "min": 0.0,
          "p50": 0.0,
          "p95": 0.0,
          "p99": 0.0
        }
      },
      "vehicle/veh-1/veh-1:cpu": {
        "busy_server_seconds": 0.063214285714287,
        "cancelled_job_count": 0,
        "completed_job_count": 8,
        "job_count": 8,
        "max_residual_work_s": 0.0075,
        "max_running_observed": 1,
        "max_waiting_jobs": 0,
        "owner_id": "veh-1",
        "owner_type": "vehicle",
        "resource_id": "veh-1:cpu",
        "resource_kind": "cpu",
        "server_count": 1,
        "service_s": {
          "count": 8,
          "max": 0.01071428571428612,
          "mean": 0.007901785714285875,
          "min": 0.00749999999999984,
          "p50": 0.007500000000000284,
          "p95": 0.009589285714286076,
          "p99": 0.01048928571428611
        },
        "utilization": 0.0065748172660652264,
        "wait_s": {
          "count": 8,
          "max": 0.0,
          "mean": 0.0,
          "min": 0.0,
          "p50": 0.0,
          "p95": 0.0,
          "p99": 0.0
        }
      },