{
  "all_task_loss": 0.36582678074999997,
  "all_task_loss_available_count": 12,
  "all_task_loss_complete": true,
  "controller_diagnostics": {
    "note": "engineering diagnostic only; excluded from simulated time and core_digest",
    "sample_count": 22,
    "wall_clock_max_s": 0.0092083,
    "wall_clock_mean_s": 0.005063509090909091,
    "wall_clock_p50_s": 0.0049683999999999996,
    "wall_clock_p95_s": 0.00685879,
    "wall_clock_total_s": 0.1113972
  },
  "cost_latency_s": {
    "count": 12,
    "max": 1.39758678,
    "mean": 0.30293925130660737,
    "min": 0.10886231100000021,
    "p50": 0.192677800636048,
    "p95": 0.7999239383060237,
    "p99": 1.2780542116612055
  },
  "coverage": 0.9166666666666666,
  "done_count": 11,
  "energy_j": {
    "physical_system": {
      "rsu": 1273.9232277634346,
      "rsu_by_id": {
        "rsu-1": 715.4844713367756,
        "rsu-2": 558.4387564266591
      },
      "total": 1428.1504471325318,
      "vehicle": 154.2272193690971,
      "vehicle_by_id": {
        "veh-1": 84.98587281517509,
        "veh-2": 69.24134655392203
      }
    },
    "task_attributed": {
      "rsu": 6.621726523435121,
      "total": 21.503778446532213,
      "vehicle": 14.882051923097091
    }
  },
  "fail_count": 1,
  "failure_rate": 0.08333333333333333,
  "failure_reasons": {
    "PREP_FAILED": 1
  },
  "invariant_check_count": 213,
  "invariant_failure_count": 0,
  "latency_p50_s": 0.17889996488999627,
  "latency_p95_s": 0.30234545621334685,
  "latency_p99_s": 0.3092107455059779,
  "metric_semantics": {
    "all_task_loss": "DONE FER loss; FAIL uses frozen config.cost.failure_loss",
    "cost_latency_s": "DONE latency, otherwise the configured relative deadline",
    "energy": "task attribution is distinct from independent physical system energy",
    "terminal_latency_s": "terminal_time-arrival_time for every terminal task"
  },
  "nonterminal_count": 0,
  "resources": {
    "max_residual_work_s": 0.22,
    "max_utilization": 0.07379692587411463,
    "max_waiting_jobs": 0,
    "mean_utilization": 0.018210691079538828,
    "pool_count": 10,
    "pools": {
      "rsu/rsu-1/rsu-1:gpu": {
        "busy_server_seconds": 0.35085258428571553,
        "cancelled_job_count": 0,
        "completed_job_count": 7,
        "job_count": 7,
        "max_residual_work_s": 0.22,
        "max_running_observed": 1,
        "max_waiting_jobs": 0,
        "owner_id": "rsu-1",
        "owner_type": "rsu",
        "resource_id": "rsu-1:gpu",
        "resource_kind": "rsu_gpu",
        "server_count": 2,
        "service_s": {
          "count": 7,
          "max": 0.22000000000000064,
          "mean": 0.05012179775510222,
          "min": 0.018679316000000057,
          "p50": 0.020062239000000037,
          "p95": 0.16200542114285754,
          "p99": 0.20840108422857193
        },
        "utilization": 0.0182545349989061,
        "wait_s": {
          "count": 7,
          "max": 0.0,
          "mean": 0.0,
          "min": 0.0,
          "p50": 0.0,
          "p95": 0.0,
          "p99": 0.0
        }
      },
      "rsu/rsu-1/rsu-1:ingress": {
        "busy_server_seconds": 0.02057142857142913,
        "cancelled_job_count": 0,
        "completed_job_count": 6,
        "job_count": 6,
        "max_residual_work_s": 0.003,
        "max_running_observed": 1,
        "max_waiting_jobs": 0,
        "owner_id": "rsu-1",
        "owner_type": "rsu",
        "resource_id": "rsu-1:ingress",
        "resource_kind": "rsu_ingress_cpu",
        "server_count": 1,
        "service_s": {
          "count": 6,
          "max": 0.004285714285714448,
          "mean": 0.0034285714285715216,
          "min": 0.0029999999999998916,
          "p50": 0.0030000000000001137,
          "p95": 0.004285714285714448,
          "p99": 0.004285714285714448
        },
        "utilization": 0.002140624750415662,
        "wait_s": {
          "count": 6,
          "max": 0.0,
          "mean": 0.0,
          "min": 0.0,
          "p50": 0.0,
          "p95": 0.0,
          "p99": 0.0
        }
      },
      "rsu/rsu-2/rsu-2:gpu": {
        "busy_server_seconds": 0.029353211428571058,
        "cancelled_job_count": 0,
        "completed_job_count": 1,
        "job_count": 1,
        "max_residual_work_s": 0.020547248,
        "max_running_observed": 1,
        "max_waiting_jobs": 0,
        "owner_id": "rsu-2",
        "owner_type": "rsu",
        "resource_id": "rsu-2:gpu",
        "resource_kind": "rsu_gpu",
        "server_count": 1,
        "service_s": {
          "count": 1,
          "max": 0.029353211428571058,
          "mean": 0.029353211428571058,
          "min": 0.029353211428571058,
          "p50": 0.029353211428571058,
          "p95": 0.029353211428571058,
          "p99": 0.029353211428571058
        },
        "utilization": 0.0030544408070643726,
        "wait_s": {
          "count": 1,
          "max": 0.0,
          "mean": 0.0,
          "min": 0.0,
          "p50": 0.0,
          "p95": 0.0,
          "p99": 0.0
        }
      },
      "rsu/rsu-2/rsu-2:ingress": {
        "busy_server_seconds": 0.004285714285714448,
        "cancelled_job_count": 0,
        "completed_job_count": 1,
        "job_count": 1,
        "max_residual_work_s": 0.003,
        "max_running_observed": 1,
        "max_waiting_jobs": 0,
        "owner_id": "rsu-2",
        "owner_type": "rsu",
        "resource_id": "rsu-2:ingress",
        "resource_kind": "rsu_ingress_cpu",
        "server_count": 1,
        "service_s": {
          "count": 1,
          "max": 0.004285714285714448,
          "mean": 0.004285714285714448,
          "min": 0.004285714285714448,
          "p50": 0.004285714285714448,
          "p95": 0.004285714285714448,
          "p99": 0.004285714285714448
        },
        "utilization": 0.00044596348966993444,
        "wait_s": {
          "count": 1,
          "max": 0.0,
          "mean": 0.0,
          "min": 0.0,
          "p50": 0.0,
          "p95": 0.0,
          "p99": 0.0
        }
      },
      "vehicle/veh-1/veh-1:accelerator": {
        "busy_server_seconds": 0.5762510794285699,
        "cancelled_job_count": 0,
        "completed_job_count": 18,
        "job_count": 18,
        "max_residual_work_s": 0.0383462,
        "max_running_observed": 1,
        "max_waiting_jobs": 0,
        "owner_id": "veh-1",
        "owner_type": "vehicle",
        "resource_id": "veh-1:accelerator",
        "resource_kind": "accelerator",
        "server_count": 1,
        "service_s": {
          "count": 18,
          "max": 0.05099991428571471,
          "mean": 0.032013948857142774,
          "min": 0.02310834899999925,
          "p50": 0.03395411749999999,
          "p95": 0.04024425714285747,
          "p99": 0.048848782857143246
        },
        "utilization": 0.059963619871871765,
        "wait_s": {
          "count": 18,
          "max": 0.0,
          "mean": 0.0,
          "min": 0.0,
          "p50": 0.0,
          "p95": 0.0,
          "p99": 0.0
        }
      },
      "vehicle/veh-1/veh-1:cpu": {
        "busy_server_seconds": 0.063214285714287,
        "cancelled_job_count": 0,
        "completed_job_count": 8,
        "job_count": 8,
        "max_residual_work_s": 0.0075,
        "max_running_observed": 1,
        "max_waiting_jobs": 0,
        "owner_id": "veh-1",
        "owner_type": "vehicle",
        "resource_id": "veh-1:cpu",
        "resource_kind": "cpu",
        "server_count": 1,
        "service_s": {
          "count": 8,
          "max": 0.01071428571428612,
          "mean": 0.007901785714285875,
          "min": 0.00749999999999984,
          "p50": 0.007500000000000284,
          "p95": 0.009589285714286076,
          "p99": 0.01048928571428611
        },
        "utilization": 0.006577961472631417,
        "wait_s": {
          "count": 8,
          "max": 0.0,
          "mean": 0.0,
          "min": 0.0,
          "p50": 0.0,
          "p95": 0.0,
          "p99": 0.0
        }
      },