{
  "all_task_loss": 0.38407224325000006,
  "all_task_loss_available_count": 12,
  "all_task_loss_complete": true,
  "controller_diagnostics": {
    "note": "engineering diagnostic only; excluded from simulated time and core_digest",
    "sample_count": 22,
    "wall_clock_max_s": 0.0076931,
    "wall_clock_mean_s": 0.0051438227272727274,
    "wall_clock_p50_s": 0.0054652,
    "wall_clock_p95_s": 0.0074464,
    "wall_clock_total_s": 0.1131641
  },
  "cost_latency_s": {
    "count": 12,
    "max": 1.225935429,
    "mean": 0.29157174604579666,
    "min": 0.10827245300000055,
    "p50": 0.2145957807556358,
    "p95": 0.7265587127397943,
    "p99": 1.1260600857479595
  },
  "coverage": 0.9166666666666666,
  "done_count": 11,
  "energy_j": {
    "physical_system": {
      "rsu": 1274.0412905412131,
      "rsu_by_id": {
        "rsu-1": 716.6549468492129,
        "rsu-2": 557.3863436920002
      },
      "total": 1428.071202617398,
      "vehicle": 154.02991207618496,
      "vehicle_by_id": {
        "veh-1": 85.50327107840589,
        "veh-2": 68.52664099777907
      }
    },
    "task_attributed": {
      "rsu": 6.727071921213651,
      "total": 21.410398074398632,
      "vehicle": 14.683326153184982
    }
  },
  "fail_count": 1,
  "failure_rate": 0.08333333333333333,
  "failure_reasons": {
    "PREP_FAILED": 1
  },
  "invariant_check_count": 212,
  "invariant_failure_count": 0,
  "latency_p50_s": 0.2094388326372491,
  "latency_p95_s": 0.27585198711819786,
  "latency_p99_s": 0.3095526078815233,
  "metric_semantics": {
    "all_task_loss": "DONE FER loss; FAIL uses frozen config.cost.failure_loss",
    "cost_latency_s": "DONE latency, otherwise the configured relative deadline",
    "energy": "task attribution is distinct from independent physical system energy",
    "terminal_latency_s": "terminal_time-arrival_time for every terminal task"
  },
  "nonterminal_count": 0,
  "resources": {
    "max_residual_work_s": 0.22,
    "max_utilization": 0.06313495120774361,
    "max_waiting_jobs": 0,
    "mean_utilization": 0.01706509932589245,
    "pool_count": 10,
    "pools": {
      "rsu/rsu-1/rsu-1:gpu": {
        "busy_server_seconds": 0.3775373214285729,
        "cancelled_job_count": 0,
        "completed_job_count": 8,
        "job_count": 8,
        "max_residual_work_s": 0.22,
        "max_running_observed": 1,
        "max_waiting_jobs": 0,
        "owner_id": "rsu-1",
        "owner_type": "rsu",
        "resource_id": "rsu-1:gpu",
        "resource_kind": "rsu_gpu",
        "server_count": 2,
        "service_s": {
          "count": 8,
          "max": 0.22000000000000064,
          "mean": 0.04719216517857161,
          "min": 0.018679316000000057,
          "p50": 0.023373488071428694,
          "p95": 0.15233965800000038,
          "p99": 0.20646793160000054
        },
        "utilization": 0.01964271720205361,
        "wait_s": {
          "count": 8,
          "max": 0.0,
          "mean": 0.0,
          "min": 0.0,
          "p50": 0.0,
          "p95": 0.0,
          "p99": 0.0
        }
      },
      "rsu/rsu-1/rsu-1:ingress": {
        "busy_server_seconds": 0.024857142857143577,
        "cancelled_job_count": 0,
        "completed_job_count": 7,
        "job_count": 7,
        "max_residual_work_s": 0.003,
        "max_running_observed": 1,
        "max_waiting_jobs": 0,
        "owner_id": "rsu-1",
        "owner_type": "rsu",
        "resource_id": "rsu-1:ingress",
        "resource_kind": "rsu_ingress_cpu",
        "server_count": 1,
        "service_s": {
          "count": 7,
          "max": 0.004285714285714448,
          "mean": 0.0035510204081633683,
          "min": 0.0029999999999998916,
          "p50": 0.0030000000000001137,
          "p95": 0.004285714285714448,
          "p99": 0.004285714285714448
        },
        "utilization": 0.0025865619099397757,
        "wait_s": {
          "count": 7,
          "max": 0.0,
          "mean": 0.0,
          "min": 0.0,
          "p50": 0.0,
          "p95": 0.0,
          "p99": 0.0
        }
      },
      "rsu/rsu-2/rsu-2:gpu": {
        "busy_server_seconds": 0.0,
        "cancelled_job_count": 0,
        "completed_job_count": 0,
        "job_count": 0,
        "max_residual_work_s": 0.0,
        "max_running_observed": 0,
        "max_waiting_jobs": 0,
        "owner_id": "rsu-2",
        "owner_type": "rsu",
        "resource_id": "rsu-2:gpu",
        "resource_kind": "rsu_gpu",
        "server_count": 1,
        "service_s": {
          "count": 0,
          "max": null,
          "mean": null,
          "min": null,
          "p50": null,
          "p95": null,
          "p99": null
        },
        "utilization": 0.0,
        "wait_s": {
          "count": 0,
          "max": null,
          "mean": null,
          "min": null,
          "p50": null,
          "p95": null,
          "p99": null
        }
      },
      "rsu/rsu-2/rsu-2:ingress": {
        "busy_server_seconds": 0.0,
        "cancelled_job_count": 0,
        "completed_job_count": 0,
        "job_count": 0,
        "max_residual_work_s": 0.0,
        "max_running_observed": 0,
        "max_waiting_jobs": 0,
        "owner_id": "rsu-2",
        "owner_type": "rsu",
        "resource_id": "rsu-2:ingress",
        "resource_kind": "rsu_ingress_cpu",
        "server_count": 1,
        "service_s": {
          "count": 0,
          "max": null,
          "mean": null,
          "min": null,
          "p50": null,
          "p95": null,
          "p99": null
        },
        "utilization": 0.0,
        "wait_s": {
          "count": 0,
          "max": null,
          "mean": null,
          "min": null,
          "p50": null,
          "p95": null,
          "p99": null
        }
      },
      "vehicle/veh-1/veh-1:accelerator": {
        "busy_server_seconds": 0.5998026399999992,
        "cancelled_job_count": 0,
        "completed_job_count": 19,
        "job_count": 19,
        "max_residual_work_s": 0.038237449,
        "max_running_observed": 1,
        "max_waiting_jobs": 0,
        "owner_id": "veh-1",
        "owner_type": "vehicle",
        "resource_id": "veh-1:accelerator",
        "resource_kind": "accelerator",
        "server_count": 1,
        "service_s": {
          "count": 19,
          "max": 0.0478944557142853,
          "mean": 0.031568559999999954,
          "min": 0.02310834899999925,
          "p50": 0.03399999999999981,
          "p95": 0.039203149671428544,
          "p99": 0.046156194505713954
        },
        "utilization": 0.062413716291591426,
        "wait_s": {
          "count": 19,
          "max": 0.0,
          "mean": 0.0,
          "min": 0.0,
          "p50": 0.0,
          "p95": 0.0,
          "p99": 0.0
        }
      },
      "vehicle/veh-1/veh-1:cpu": {
        "busy_server_seconds": 0.07392857142857268,
        "cancelled_job_count": 0,
        "completed_job_count": 9,
        "job_count": 9,
        "max_residual_work_s": 0.0075,
        "max_running_observed": 1,
        "max_waiting_jobs": 0,
        "owner_id": "veh-1",
        "owner_type": "vehicle",
        "resource_id": "veh-1:cpu",
        "resource_kind": "cpu",
        "server_count": 1,
        "service_s": {
          "count": 9,
          "max": 0.01071428571428612,
          "mean": 0.008214285714285853,
          "min": 0.00749999999999984,
          "p50": 0.007500000000000284,
          "p95": 0.01071428571428612,
          "p99": 0.01071428571428612
        },
        "utilization": 0.0076927918873207915,
        "wait_s": {
          "count": 9,
          "max": 0.0,
          "mean": 0.0,
          "min": 0.0,
          "p50": 0.0,
          "p95": 0.0,
          "p99": 0.0
        }
      },
      "vehicle/veh-1/veh-1:encoder": {
        "busy_server_seconds": 0.04780884571428601,
        "cancelled_job_count": 0,
        "completed_job_count": 6,
        "job_count": 6,
        "max_residual_work_s": 0.0075078,
        "max_running_observed": 1,
        "max_waiting_jobs": 0,