{
  "all_task_loss": 0.3740668949166667,
  "all_task_loss_available_count": 12,
  "all_task_loss_complete": true,
  "controller_diagnostics": {
    "note": "engineering diagnostic only; excluded from simulated time and core_digest",
    "sample_count": 22,
    "wall_clock_max_s": 0.0093894,
    "wall_clock_mean_s": 0.005293213636363637,
    "wall_clock_p50_s": 0.0054477499999999995,
    "wall_clock_p95_s": 0.007678295,
    "wall_clock_total_s": 0.1164507
  },
  "cost_latency_s": {
    "count": 12,
    "max": 0.914557727,
    "mean": 0.2643391656684211,
    "min": 0.13906370800000012,
    "p50": 0.221397342458018,
    "p95": 0.5531912467426752,
    "p99": 0.8422844309485356
  },
  "coverage": 0.9166666666666666,
  "done_count": 11,
  "energy_j": {
    "physical_system": {
      "rsu": 1280.7309767247168,
      "rsu_by_id": {
        "rsu-1": 719.2721241935674,
        "rsu-2": 561.4588525311494
      },
      "total": 1436.3164747321014,
      "vehicle": 155.5854980073846,
      "vehicle_by_id": {
        "veh-1": 86.40417928083026,
        "veh-2": 69.18131872655432
      }
    },
    "task_attributed": {
      "rsu": 6.630359394716748,
      "total": 22.112327007601372,
      "vehicle": 15.481967612884624
    }
  },
  "fail_count": 1,
  "failure_rate": 0.08333333333333333,
  "failure_reasons": {
    "PREP_FAILED": 1
  },
  "invariant_check_count": 220,
  "invariant_failure_count": 0,
  "latency_p50_s": 0.20929537130403186,
  "latency_p95_s": 0.25057227212325806,
  "latency_p99_s": 0.2561366647412706,
  "metric_semantics": {
    "all_task_loss": "DONE FER loss; FAIL uses frozen config.cost.failure_loss",
    "cost_latency_s": "DONE latency, otherwise the configured relative deadline",
    "energy": "task attribution is distinct from independent physical system energy",
    "terminal_latency_s": "terminal_time-arrival_time for every terminal task"
  },
  "nonterminal_count": 0,
  "resources": {
    "max_residual_work_s": 0.22,
    "max_utilization": 0.06799925671569955,
    "max_waiting_jobs": 0,
    "mean_utilization": 0.018262188794900457,
    "pool_count": 10,
    "pools": {
      "rsu/rsu-1/rsu-1:gpu": {
        "busy_server_seconds": 0.35747508242857284,
        "cancelled_job_count": 0,
        "completed_job_count": 7,
        "job_count": 7,
        "max_residual_work_s": 0.22,
        "max_running_observed": 1,
        "max_waiting_jobs": 0,
        "owner_id": "rsu-1",
        "owner_type": "rsu",
        "resource_id": "rsu-1:gpu",
        "resource_kind": "rsu_gpu",
        "server_count": 2,
        "service_s": {
          "count": 7,
          "max": 0.22000000000000064,
          "mean": 0.05106786891836755,
          "min": 0.018679316000000057,
          "p50": 0.02668473714285735,
          "p95": 0.16200542114285754,
          "p99": 0.20840108422857193
        },
        "utilization": 0.018498422847086905,
        "wait_s": {
          "count": 7,
          "max": 0.0,
          "mean": 0.0,
          "min": 0.0,
          "p50": 0.0,
          "p95": 0.0,
          "p99": 0.0
        }
      },
      "rsu/rsu-1/rsu-1:ingress": {
        "busy_server_seconds": 0.021857142857143685,
        "cancelled_job_count": 0,
        "completed_job_count": 6,
        "job_count": 6,
        "max_residual_work_s": 0.003,
        "max_running_observed": 1,
        "max_waiting_jobs": 0,
        "owner_id": "rsu-1",
        "owner_type": "rsu",
        "resource_id": "rsu-1:ingress",
        "resource_kind": "rsu_ingress_cpu",
        "server_count": 1,
        "service_s": {
          "count": 6,
          "max": 0.004285714285714448,
          "mean": 0.003642857142857281,
          "min": 0.0030000000000001137,
          "p50": 0.003642857142857281,
          "p95": 0.004285714285714448,
          "p99": 0.004285714285714448
        },
        "utilization": 0.0022621026788988397,
        "wait_s": {
          "count": 6,
          "max": 0.0,
          "mean": 0.0,
          "min": 0.0,
          "p50": 0.0,
          "p95": 0.0,
          "p99": 0.0
        }
      },
      "rsu/rsu-2/rsu-2:gpu": {
        "busy_server_seconds": 0.022068463000000094,
        "cancelled_job_count": 0,
        "completed_job_count": 1,
        "job_count": 1,
        "max_residual_work_s": 0.022068463,
        "max_running_observed": 1,
        "max_waiting_jobs": 0,
        "owner_id": "rsu-2",
        "owner_type": "rsu",
        "resource_id": "rsu-2:gpu",
        "resource_kind": "rsu_gpu",
        "server_count": 1,
        "service_s": {
          "count": 1,
          "max": 0.022068463000000094,
          "mean": 0.022068463000000094,
          "min": 0.022068463000000094,
          "p50": 0.022068463000000094,
          "p95": 0.022068463000000094,
          "p99": 0.022068463000000094
        },
        "utilization": 0.0022839732346427956,
        "wait_s": {
          "count": 1,
          "max": 0.0,
          "mean": 0.0,
          "min": 0.0,
          "p50": 0.0,
          "p95": 0.0,
          "p99": 0.0
        }
      },
      "rsu/rsu-2/rsu-2:ingress": {
        "busy_server_seconds": 0.0029999999999998916,
        "cancelled_job_count": 0,
        "completed_job_count": 1,
        "job_count": 1,
        "max_residual_work_s": 0.003,
        "max_running_observed": 1,
        "max_waiting_jobs": 0,
        "owner_id": "rsu-2",
        "owner_type": "rsu",
        "resource_id": "rsu-2:ingress",
        "resource_kind": "rsu_ingress_cpu",
        "server_count": 1,
        "service_s": {
          "count": 1,
          "max": 0.0029999999999998916,
          "mean": 0.0029999999999998916,
          "min": 0.0029999999999998916,
          "p50": 0.0029999999999998916,
          "p95": 0.0029999999999998916,
          "p99": 0.0029999999999998916
        },
        "utilization": 0.0003104846814174648,
        "wait_s": {
          "count": 1,
          "max": 0.0,
          "mean": 0.0,
          "min": 0.0,
          "p50": 0.0,
          "p95": 0.0,
          "p99": 0.0
        }
      },
      "vehicle/veh-1/veh-1:accelerator": {
        "busy_server_seconds": 0.6570300641428565,
        "cancelled_job_count": 0,
        "completed_job_count": 21,
        "job_count": 21,
        "max_residual_work_s": 0.0374,
        "max_running_observed": 1,
        "max_waiting_jobs": 0,
        "owner_id": "veh-1",
        "owner_type": "vehicle",
        "resource_id": "veh-1:accelerator",
        "resource_kind": "accelerator",
        "server_count": 1,
        "service_s": {
          "count": 21,
          "max": 0.049565430000000354,
          "mean": 0.0312871459115646,
          "min": 0.02310834899999925,
          "p50": 0.033660603999999594,
          "p95": 0.03739999999999999,
          "p99": 0.04713234400000029
        },
        "utilization": 0.06799925671569955,
        "wait_s": {
          "count": 21,
          "max": 0.0,
          "mean": 0.0,
          "min": 0.0,
          "p50": 0.0,
          "p95": 0.0,
          "p99": 0.0
        }
      },
      "vehicle/veh-1/veh-1:cpu": {
        "busy_server_seconds": 0.08892857142857369,
        "cancelled_job_count": 0,
        "completed_job_count": 11,
        "job_count": 11,
        "max_residual_work_s": 0.0075,
        "max_running_observed": 1,
        "max_waiting_jobs": 0,
        "owner_id": "veh-1",
        "owner_type": "vehicle",
        "resource_id": "veh-1:cpu",
        "resource_kind": "cpu",
        "server_count": 1,
        "service_s": {
          "count": 11,
          "max": 0.01071428571428612,
          "mean": 0.00808441558441579,
          "min": 0.00749999999999984,
          "p50": 0.007500000000000284,
          "p95": 0.01071428571428612,
          "p99": 0.01071428571428612
        },
        "utilization": 0.009203653056303988,
        "wait_s": {
          "count": 11,
          "max": 0.0,
          "mean": 0.0,
          "min": 0.0,
          "p50": 0.0,
          "p95": 0.0,
          "p99": 0.0
        }
      },