{
  "all_task_loss": 0.346471178,
  "all_task_loss_available_count": 12,
  "all_task_loss_complete": true,
  "controller_diagnostics": {
    "note": "engineering diagnostic only; excluded from simulated time and core_digest",
    "sample_count": 22,
    "wall_clock_max_s": 0.0075024,
    "wall_clock_mean_s": 0.005035518181818182,
    "wall_clock_p50_s": 0.00539075,
    "wall_clock_p95_s": 0.0068150400000000005,
    "wall_clock_total_s": 0.1107814
  },
  "cost_latency_s": {
    "count": 12,
    "max": 1.08797742,
    "mean": 0.2915593705064132,
    "min": 0.11352600600000073,
    "p50": 0.23019758635413945,
    "p95": 0.6669292593651199,
    "p99": 1.0037677878730245
  },
  "coverage": 0.9166666666666666,
  "done_count": 11,
  "energy_j": {
    "physical_system": {
      "rsu": 1276.3627336699706,
      "rsu_by_id": {
        "rsu-1": 715.9416218928766,
        "rsu-2": 560.421111777094
      },
      "total": 1431.798869583426,
      "vehicle": 155.43613591345547,
      "vehicle_by_id": {
        "veh-1": 85.5847933183509,
        "veh-2": 69.85134259510458
      }
    },
    "task_attributed": {
      "rsu": 6.821855289970816,
      "total": 22.663047076426302,
      "vehicle": 15.841191786455486
    }
  },
  "fail_count": 1,
  "failure_rate": 0.08333333333333333,
  "failure_reasons": {
    "PREP_FAILED": 1
  },
  "invariant_check_count": 217,
  "invariant_failure_count": 0,
  "latency_p50_s": 0.20701705209804322,
  "latency_p95_s": 0.3153464488735833,
  "latency_p99_s": 0.3210175375785283,
  "metric_semantics": {
    "all_task_loss": "DONE FER loss; FAIL uses frozen config.cost.failure_loss",
    "cost_latency_s": "DONE latency, otherwise the configured relative deadline",
    "energy": "task attribution is distinct from independent physical system energy",
    "terminal_latency_s": "terminal_time-arrival_time for every terminal task"
  },
  "nonterminal_count": 0,
  "resources": {
    "max_residual_work_s": 0.22,
    "max_utilization": 0.07697839584215281,
    "max_waiting_jobs": 0,
    "mean_utilization": 0.01910985206403054,
    "pool_count": 10,
    "pools": {
      "rsu/rsu-1/rsu-1:gpu": {
        "busy_server_seconds": 0.3387957664285728,
        "cancelled_job_count": 0,
        "completed_job_count": 6,
        "job_count": 6,
        "max_residual_work_s": 0.22,
        "max_running_observed": 1,
        "max_waiting_jobs": 0,
        "owner_id": "rsu-1",
        "owner_type": "rsu",
        "resource_id": "rsu-1:gpu",
        "resource_kind": "rsu_gpu",
        "server_count": 2,
        "service_s": {
          "count": 6,
          "max": 0.22000000000000064,
          "mean": 0.056465961071428795,
          "min": 0.018679316000000057,
          "p50": 0.02668473714285735,
          "p95": 0.17167118428571482,
          "p99": 0.21033423685714353
        },
        "utilization": 0.01759568960013695,
        "wait_s": {
          "count": 6,
          "max": 0.0,
          "mean": 0.0,
          "min": 0.0,
          "p50": 0.0,
          "p95": 0.0,
          "p99": 0.0
        }
      },
      "rsu/rsu-1/rsu-1:ingress": {
        "busy_server_seconds": 0.018857142857143572,
        "cancelled_job_count": 0,
        "completed_job_count": 5,
        "job_count": 5,
        "max_residual_work_s": 0.003,
        "max_running_observed": 1,
        "max_waiting_jobs": 0,
        "owner_id": "rsu-1",
        "owner_type": "rsu",
        "resource_id": "rsu-1:ingress",
        "resource_kind": "rsu_ingress_cpu",
        "server_count": 1,
        "service_s": {
          "count": 5,
          "max": 0.004285714285714448,
          "mean": 0.0037714285714287145,
          "min": 0.0030000000000001137,
          "p50": 0.004285714285714448,
          "p95": 0.004285714285714448,
          "p99": 0.004285714285714448
        },
        "utilization": 0.001958728327437298,
        "wait_s": {
          "count": 5,
          "max": 0.0,
          "mean": 0.0,
          "min": 0.0,
          "p50": 0.0,
          "p95": 0.0,
          "p99": 0.0
        }
      },
      "rsu/rsu-2/rsu-2:gpu": {
        "busy_server_seconds": 0.04261571100000028,
        "cancelled_job_count": 0,
        "completed_job_count": 2,
        "job_count": 2,
        "max_residual_work_s": 0.022068463,
        "max_running_observed": 1,
        "max_waiting_jobs": 0,
        "owner_id": "rsu-2",
        "owner_type": "rsu",
        "resource_id": "rsu-2:gpu",
        "resource_kind": "rsu_gpu",
        "server_count": 1,
        "service_s": {
          "count": 2,
          "max": 0.022068463000000094,
          "mean": 0.02130785550000014,
          "min": 0.020547248000000184,
          "p50": 0.02130785550000014,
          "p95": 0.021992402250000098,
          "p99": 0.022053250850000095
        },
        "utilization": 0.004426577290204928,
        "wait_s": {
          "count": 2,
          "max": 0.0,
          "mean": 0.0,
          "min": 0.0,
          "p50": 0.0,
          "p95": 0.0,
          "p99": 0.0
        }
      },
      "rsu/rsu-2/rsu-2:ingress": {
        "busy_server_seconds": 0.006000000000000005,
        "cancelled_job_count": 0,
        "completed_job_count": 2,
        "job_count": 2,
        "max_residual_work_s": 0.003,
        "max_running_observed": 1,
        "max_waiting_jobs": 0,
        "owner_id": "rsu-2",
        "owner_type": "rsu",
        "resource_id": "rsu-2:ingress",
        "resource_kind": "rsu_ingress_cpu",
        "server_count": 1,
        "service_s": {
          "count": 2,
          "max": 0.0030000000000001137,
          "mean": 0.0030000000000000027,
          "min": 0.0029999999999998916,
          "p50": 0.0030000000000000027,
          "p95": 0.0030000000000001024,
          "p99": 0.003000000000000111
        },
        "utilization": 0.0006232317405482082,
        "wait_s": {
          "count": 2,
          "max": 0.0,
          "mean": 0.0,
          "min": 0.0,
          "p50": 0.0,
          "p95": 0.0,
          "p99": 0.0
        }
      },
      "vehicle/veh-1/veh-1:accelerator": {
        "busy_server_seconds": 0.6084097594285717,
        "cancelled_job_count": 0,
        "completed_job_count": 19,
        "job_count": 19,
        "max_residual_work_s": 0.0374,
        "max_running_observed": 1,
        "max_waiting_jobs": 0,
        "owner_id": "veh-1",
        "owner_type": "vehicle",
        "resource_id": "veh-1:accelerator",
        "resource_kind": "accelerator",
        "server_count": 1,
        "service_s": {
          "count": 19,
          "max": 0.049071868571428645,
          "mean": 0.0320215662857143,
          "min": 0.02310834899999925,
          "p50": 0.03400000000000003,
          "p95": 0.03856718685714273,
          "p99": 0.04697093222857147
        },
        "utilization": 0.06319671222253083,
        "wait_s": {
          "count": 19,
          "max": 0.0,
          "mean": 0.0,
          "min": 0.0,
          "p50": 0.0,
          "p95": 0.0,
          "p99": 0.0
        }
      },
      "vehicle/veh-1/veh-1:cpu": {
        "busy_server_seconds": 0.07392857142857301,
        "cancelled_job_count": 0,
        "completed_job_count": 9,
        "job_count": 9,
        "max_residual_work_s": 0.0075,
        "max_running_observed": 1,
        "max_waiting_jobs": 0,
        "owner_id": "veh-1",
        "owner_type": "vehicle",
        "resource_id": "veh-1:cpu",
        "resource_kind": "cpu",
        "server_count": 1,
        "service_s": {
          "count": 9,
          "max": 0.01071428571428612,
          "mean": 0.008214285714285889,
          "min": 0.00749999999999984,
          "p50": 0.007500000000000284,
          "p95": 0.01071428571428612,
          "p99": 0.01071428571428612
        },
        "utilization": 0.0076791053746120075,
        "wait_s": {
          "count": 9,
          "max": 0.0,
          "mean": 0.0,
          "min": 0.0,
          "p50": 0.0,
          "p95": 0.0,
          "p99": 0.0
        }
      },