{
  "all_task_loss": 0.338273668,
  "all_task_loss_available_count": 12,
  "all_task_loss_complete": true,
  "controller_diagnostics": {
    "note": "engineering diagnostic only; excluded from simulated time and core_digest",
    "sample_count": 22,
    "wall_clock_max_s": 0.0069549,
    "wall_clock_mean_s": 0.004991959090909091,
    "wall_clock_p50_s": 0.0049815499999999995,
    "wall_clock_p95_s": 0.006857545,
    "wall_clock_total_s": 0.10982309999999999
  },
  "cost_latency_s": {
    "count": 12,
    "max": 1.220200956,
    "mean": 0.3052024603681372,
    "min": 0.14778533299999985,
    "p50": 0.23576662822645966,
    "p95": 0.6988034169100521,
    "p99": 1.1159214481820112
  },
  "coverage": 0.9166666666666666,
  "done_count": 11,
  "energy_j": {
    "physical_system": {
      "rsu": 1275.4983167253486,
      "rsu_by_id": {
        "rsu-1": 716.8494654266115,
        "rsu-2": 558.6488512987371
      },
      "total": 1431.211953849172,
      "vehicle": 155.71363712382345,
      "vehicle_by_id": {
        "veh-1": 86.556222619009,
        "veh-2": 69.15741450481444
      }
    },
    "task_attributed": {
      "rsu": 7.599375005348662,
      "total": 23.90120709117212,
      "vehicle": 16.30183208582346
    }
  },
  "fail_count": 1,
  "failure_rate": 0.08333333333333333,
  "failure_reasons": {
    "PREP_FAILED": 1
  },
  "invariant_check_count": 224,
  "invariant_failure_count": 0,
  "latency_p50_s": 0.22241466372156737,
  "latency_p95_s": 0.2631121994700614,
  "latency_p99_s": 0.2703867841995436,
  "metric_semantics": {
    "all_task_loss": "DONE FER loss; FAIL uses frozen config.cost.failure_loss",
    "cost_latency_s": "DONE latency, otherwise the configured relative deadline",
    "energy": "task attribution is distinct from independent physical system energy",
    "terminal_latency_s": "terminal_time-arrival_time for every terminal task"
  },
  "nonterminal_count": 0,
  "resources": {
    "max_residual_work_s": 0.22,
    "max_utilization": 0.07022260421133597,
    "max_waiting_jobs": 0,
    "mean_utilization": 0.018909662745479675,
    "pool_count": 10,
    "pools": {
      "rsu/rsu-1/rsu-1:gpu": {
        "busy_server_seconds": 0.3775373214285729,
        "cancelled_job_count": 0,
        "completed_job_count": 8,
        "job_count": 8,
        "max_residual_work_s": 0.22,
        "max_running_observed": 1,
        "max_waiting_jobs": 0,
        "owner_id": "rsu-1",
        "owner_type": "rsu",
        "resource_id": "rsu-1:gpu",
        "resource_kind": "rsu_gpu",
        "server_count": 2,
        "service_s": {
          "count": 8,
          "max": 0.22000000000000064,
          "mean": 0.04719216517857161,
          "min": 0.018679316000000057,
          "p50": 0.023373488071428694,
          "p95": 0.15233965800000038,
          "p99": 0.20646793160000054
        },
        "utilization": 0.019633528018743313,
        "wait_s": {
          "count": 8,
          "max": 0.0,
          "mean": 0.0,
          "min": 0.0,
          "p50": 0.0,
          "p95": 0.0,
          "p99": 0.0
        }
      },
      "rsu/rsu-1/rsu-1:ingress": {
        "busy_server_seconds": 0.024857142857143577,
        "cancelled_job_count": 0,
        "completed_job_count": 7,
        "job_count": 7,
        "max_residual_work_s": 0.003,
        "max_running_observed": 1,
        "max_waiting_jobs": 0,
        "owner_id": "rsu-1",
        "owner_type": "rsu",
        "resource_id": "rsu-1:ingress",
        "resource_kind": "rsu_ingress_cpu",
        "server_count": 1,
        "service_s": {
          "count": 7,
          "max": 0.004285714285714448,
          "mean": 0.0035510204081633683,
          "min": 0.0029999999999998916,
          "p50": 0.0030000000000001137,
          "p95": 0.004285714285714448,
          "p99": 0.004285714285714448
        },
        "utilization": 0.002585351874113806,
        "wait_s": {
          "count": 7,
          "max": 0.0,
          "mean": 0.0,
          "min": 0.0,
          "p50": 0.0,
          "p95": 0.0,
          "p99": 0.0
        }
      },
      "rsu/rsu-2/rsu-2:gpu": {
        "busy_server_seconds": 0.02054724799999974,
        "cancelled_job_count": 0,
        "completed_job_count": 1,
        "job_count": 1,
        "max_residual_work_s": 0.020547248,
        "max_running_observed": 1,
        "max_waiting_jobs": 0,
        "owner_id": "rsu-2",
        "owner_type": "rsu",
        "resource_id": "rsu-2:gpu",
        "resource_kind": "rsu_gpu",
        "server_count": 1,
        "service_s": {
          "count": 1,
          "max": 0.02054724799999974,
          "mean": 0.02054724799999974,
          "min": 0.02054724799999974,
          "p50": 0.02054724799999974,
          "p95": 0.02054724799999974,
          "p99": 0.02054724799999974
        },
        "utilization": 0.0021370865682342104,
        "wait_s": {
          "count": 1,
          "max": 0.0,
          "mean": 0.0,
          "min": 0.0,
          "p50": 0.0,
          "p95": 0.0,
          "p99": 0.0
        }
      },
      "rsu/rsu-2/rsu-2:ingress": {
        "busy_server_seconds": 0.0030000000000001137,
        "cancelled_job_count": 0,
        "completed_job_count": 1,
        "job_count": 1,
        "max_residual_work_s": 0.003,
        "max_running_observed": 1,
        "max_waiting_jobs": 0,
        "owner_id": "rsu-2",
        "owner_type": "rsu",
        "resource_id": "rsu-2:ingress",
        "resource_kind": "rsu_ingress_cpu",
        "server_count": 1,
        "service_s": {
          "count": 1,
          "max": 0.0030000000000001137,
          "mean": 0.0030000000000001137,
          "min": 0.0030000000000001137,
          "p50": 0.0030000000000001137,
          "p95": 0.0030000000000001137,
          "p99": 0.0030000000000001137
        },
        "utilization": 0.0003120252261861518,
        "wait_s": {
          "count": 1,
          "max": 0.0,
          "mean": 0.0,
          "min": 0.0,
          "p50": 0.0,
          "p95": 0.0,
          "p99": 0.0
        }
      },
      "vehicle/veh-1/veh-1:accelerator": {
        "busy_server_seconds": 0.6751627591428557,
        "cancelled_job_count": 0,
        "completed_job_count": 21,
        "job_count": 21,
        "max_residual_work_s": 0.038454127,
        "max_running_observed": 1,
        "max_waiting_jobs": 0,
        "owner_id": "veh-1",
        "owner_type": "vehicle",
        "resource_id": "veh-1:accelerator",
        "resource_kind": "accelerator",
        "server_count": 1,
        "service_s": {
          "count": 21,
          "max": 0.05322140714285695,
          "mean": 0.032150607578231225,
          "min": 0.02310834899999925,
          "p50": 0.033011927142856834,
          "p95": 0.03845412699999995,
          "p99": 0.05026795111428556
        },
        "utilization": 0.07022260421133597,
        "wait_s": {
          "count": 21,
          "max": 0.0,
          "mean": 0.0,
          "min": 0.0,
          "p50": 0.0,
          "p95": 0.0,
          "p99": 0.0
        }
      },
      "vehicle/veh-1/veh-1:cpu": {
        "busy_server_seconds": 0.09642857142857353,
        "cancelled_job_count": 0,
        "completed_job_count": 12,
        "job_count": 12,
        "max_residual_work_s": 0.0075,
        "max_running_observed": 1,
        "max_waiting_jobs": 0,
        "owner_id": "veh-1",
        "owner_type": "vehicle",
        "resource_id": "veh-1:cpu",
        "resource_kind": "cpu",
        "server_count": 1,
        "service_s": {
          "count": 12,
          "max": 0.01071428571428612,
          "mean": 0.00803571428571446,
          "min": 0.00749999999999984,
          "p50": 0.007500000000000284,
          "p95": 0.01071428571428612,
          "p99": 0.01071428571428612
        },
        "utilization": 0.010029382270269003,
        "wait_s": {
          "count": 12,
          "max": 0.0,
          "mean": 0.0,
          "min": 0.0,
          "p50": 0.0,
          "p95": 0.0,
          "p99": 0.0
        }
      },