{
  "all_task_loss": 0.37164915299999995,
  "all_task_loss_available_count": 12,
  "all_task_loss_complete": true,
  "controller_diagnostics": {
    "note": "engineering diagnostic only; excluded from simulated time and core_digest",
    "sample_count": 22,
    "wall_clock_max_s": 0.0097298,
    "wall_clock_mean_s": 0.005280481818181818,
    "wall_clock_p50_s": 0.0058474,
    "wall_clock_p95_s": 0.00729729,
    "wall_clock_total_s": 0.1161706
  },
  "cost_latency_s": {
    "count": 12,
    "max": 1.21437217,
    "mean": 0.28774335834315196,
    "min": 0.14672417999999965,
    "p50": 0.1888914235551774,
    "p95": 0.7009765092844357,
    "p99": 1.111693037856888
  },
  "coverage": 0.9166666666666666,
  "done_count": 11,
  "energy_j": {
    "physical_system": {
      "rsu": 1275.9060120739634,
      "rsu_by_id": {
        "rsu-1": 714.1820948561474,
        "rsu-2": 561.723917217816
      },
      "total": 1429.667811985063,
      "vehicle": 153.76179991109956,
      "vehicle_by_id": {
        "veh-1": 85.77942512077122,
        "veh-2": 67.98237479032832
      }
    },
    "task_attributed": {
      "rsu": 7.8311405739635855,
      "total": 22.161512510063186,
      "vehicle": 14.330371936099601
    }
  },
  "fail_count": 1,
  "failure_rate": 0.08333333333333333,
  "failure_reasons": {
    "PREP_FAILED": 1
  },
  "invariant_check_count": 216,
  "invariant_failure_count": 0,
  "latency_p50_s": 0.18173023641956487,
  "latency_p95_s": 0.2658013434744134,
  "latency_p99_s": 0.2779006800176991,
  "metric_semantics": {
    "all_task_loss": "DONE FER loss; FAIL uses frozen config.cost.failure_loss",
    "cost_latency_s": "DONE latency, otherwise the configured relative deadline",
    "energy": "task attribution is distinct from independent physical system energy",
    "terminal_latency_s": "terminal_time-arrival_time for every terminal task"
  },
  "nonterminal_count": 0,
  "resources": {
    "max_residual_work_s": 0.22,
    "max_utilization": 0.06319485430917228,
    "max_waiting_jobs": 0,
    "mean_utilization": 0.017062456465375443,
    "pool_count": 10,
    "pools": {
      "rsu/rsu-1/rsu-1:gpu": {
        "busy_server_seconds": 0.3054885311428581,
        "cancelled_job_count": 0,
        "completed_job_count": 5,
        "job_count": 5,
        "max_residual_work_s": 0.22,
        "max_running_observed": 1,
        "max_waiting_jobs": 0,
        "owner_id": "rsu-1",
        "owner_type": "rsu",
        "resource_id": "rsu-1:gpu",
        "resource_kind": "rsu_gpu",
        "server_count": 2,
        "service_s": {
          "count": 5,
          "max": 0.22000000000000064,
          "mean": 0.06109770622857162,
          "min": 0.018679316000000057,
          "p50": 0.020062239000000037,
          "p95": 0.18133694742857193,
          "p99": 0.2122673894857149
        },
        "utilization": 0.015884452185219194,
        "wait_s": {
          "count": 5,
          "max": 0.0,
          "mean": 0.0,
          "min": 0.0,
          "p50": 0.0,
          "p95": 0.0,
          "p99": 0.0
        }
      },
      "rsu/rsu-1/rsu-1:ingress": {
        "busy_server_seconds": 0.013285714285714567,
        "cancelled_job_count": 0,
        "completed_job_count": 4,
        "job_count": 4,
        "max_residual_work_s": 0.003,
        "max_running_observed": 1,
        "max_waiting_jobs": 0,
        "owner_id": "rsu-1",
        "owner_type": "rsu",
        "resource_id": "rsu-1:ingress",
        "resource_kind": "rsu_ingress_cpu",
        "server_count": 1,
        "service_s": {
          "count": 4,
          "max": 0.004285714285714448,
          "mean": 0.003321428571428642,
          "min": 0.0029999999999998916,
          "p50": 0.0030000000000001137,
          "p95": 0.004092857142857297,
          "p99": 0.004247142857143018
        },
        "utilization": 0.0013816315298542452,
        "wait_s": {
          "count": 4,
          "max": 0.0,
          "mean": 0.0,
          "min": 0.0,
          "p50": 0.0,
          "p95": 0.0,
          "p99": 0.0
        }
      },
      "rsu/rsu-2/rsu-2:gpu": {
        "busy_server_seconds": 0.0998009188571416,
        "cancelled_job_count": 0,
        "completed_job_count": 4,
        "job_count": 4,
        "max_residual_work_s": 0.020547248,
        "max_running_observed": 1,
        "max_waiting_jobs": 0,
        "owner_id": "rsu-2",
        "owner_type": "rsu",
        "resource_id": "rsu-2:gpu",
        "resource_kind": "rsu_gpu",
        "server_count": 1,
        "service_s": {
          "count": 4,
          "max": 0.029353211428571058,
          "mean": 0.0249502297142854,
          "min": 0.02054724799999974,
          "p50": 0.0249502297142854,
          "p95": 0.029353211428571058,
          "p99": 0.029353211428571058
        },
        "utilization": 0.010378673907635947,
        "wait_s": {
          "count": 4,
          "max": 0.0,
          "mean": 0.0,
          "min": 0.0,
          "p50": 0.0,
          "p95": 0.0,
          "p99": 0.0
        }
      },
      "rsu/rsu-2/rsu-2:ingress": {
        "busy_server_seconds": 0.014571428571429124,
        "cancelled_job_count": 0,
        "completed_job_count": 4,
        "job_count": 4,
        "max_residual_work_s": 0.003,
        "max_running_observed": 1,
        "max_waiting_jobs": 0,
        "owner_id": "rsu-2",
        "owner_type": "rsu",
        "resource_id": "rsu-2:ingress",
        "resource_kind": "rsu_ingress_cpu",
        "server_count": 1,
        "service_s": {
          "count": 4,
          "max": 0.004285714285714448,
          "mean": 0.003642857142857281,
          "min": 0.0030000000000001137,
          "p50": 0.003642857142857281,
          "p95": 0.004285714285714448,
          "p99": 0.004285714285714448
        },
        "utilization": 0.0015153378069369394,
        "wait_s": {
          "count": 4,
          "max": 0.0,
          "mean": 0.0,
          "min": 0.0,
          "p50": 0.0,
          "p95": 0.0,
          "p99": 0.0
        }
      },
      "vehicle/veh-1/veh-1:accelerator": {
        "busy_server_seconds": 0.6076792259999981,
        "cancelled_job_count": 0,
        "completed_job_count": 19,
        "job_count": 19,
        "max_residual_work_s": 0.0374,
        "max_running_observed": 1,
        "max_waiting_jobs": 0,
        "owner_id": "veh-1",
        "owner_type": "vehicle",
        "resource_id": "veh-1:accelerator",
        "resource_kind": "accelerator",
        "server_count": 1,
        "service_s": {
          "count": 19,
          "max": 0.05066237428571441,
          "mean": 0.03198311715789464,
          "min": 0.02310834899999925,
          "p50": 0.034468895999999916,
          "p95": 0.038726237428571404,
          "p99": 0.04827514691428582
        },
        "utilization": 0.06319485430917228,
        "wait_s": {
          "count": 19,
          "max": 0.0,
          "mean": 0.0,
          "min": 0.0,
          "p50": 0.0,
          "p95": 0.0,
          "p99": 0.0
        }
      },
      "vehicle/veh-1/veh-1:cpu": {
        "busy_server_seconds": 0.0814285714285733,
        "cancelled_job_count": 0,
        "completed_job_count": 10,
        "job_count": 10,
        "max_residual_work_s": 0.0075,
        "max_running_observed": 1,
        "max_waiting_jobs": 0,
        "owner_id": "veh-1",
        "owner_type": "vehicle",
        "resource_id": "veh-1:cpu",
        "resource_kind": "cpu",
        "server_count": 1,
        "service_s": {
          "count": 10,
          "max": 0.01071428571428612,
          "mean": 0.00814285714285733,
          "min": 0.00749999999999984,
          "p50": 0.007500000000000284,
          "p95": 0.01071428571428612,
          "p99": 0.01071428571428612
        },
        "utilization": 0.00846806421523571,
        "wait_s": {
          "count": 10,
          "max": 0.0,
          "mean": 0.0,
          "min": 0.0,
          "p50": 0.0,
          "p95": 0.0,
          "p99": 0.0
        }
      },